candidate_id,series,x,y,x_uncertainty,y_uncertainty,pixel_x,pixel_y,pixel_half_height,segment_break,status,provenance,evidence_note
line-simulation_a11-0001,simulation_a11,0.03085146053449378,0.7506640054882598,0.01436484989326342,0.004753801763507148,135.5,122.375,2.0,True,visible_candidate,image_candidate,按原始 JPEG 描边目标颜色、坐标范围与局部连续性提取；图例区域已排除。
line-simulation_a11-0002,simulation_a11,0.0552717053530416,0.7515553433189174,0.01436484989326342,0.004753801763507148,144.0,122.0,2.0,False,visible_candidate,image_candidate,按原始 JPEG 描边目标颜色、坐标范围与局部连续性提取；图例区域已排除。
line-simulation_a11-0003,simulation_a11,0.07681898019293676,0.7848319556634671,0.01436484989326342,0.004753801763507148,151.5,108.0,2.0,False,visible_candidate,image_candidate,按原始 JPEG 描边目标颜色、坐标范围与局部连续性提取；图例区域已排除。
line-simulation_a11-0004,simulation_a11,0.11416758991542164,0.7751757958313433,0.014364849893263476,0.004753801763507148,164.5,112.0625,2.0,False,visible_candidate,image_candidate,按原始 JPEG 描边目标颜色、坐标范围与局部连续性提取；图例区域已排除。
line-simulation_a11-0005,simulation_a11,0.14146080471262218,0.7931511087496046,0.014364849893263476,0.004753801763507148,174.0,104.5,2.0,False,visible_candidate,image_candidate,按原始 JPEG 描边目标颜色、坐标范围与局部连续性提取；图例区域已排除。
line-simulation_a11-0006,simulation_a11,0.17019050449914902,0.8204854688897705,0.014364849893263476,0.004753801763507148,184.0,93.0,2.0,False,visible_candidate,image_candidate,按原始 JPEG 描边目标颜色、坐标范围与局部连续性提取；图例区域已排除。
line-simulation_a11-0007,simulation_a11,0.19892020428567586,0.8418775768255524,0.014364849893263476,0.004753801763507148,194.0,84.0,2.0,False,visible_candidate,image_candidate,按原始 JPEG 描边目标颜色、坐标范围与局部连续性提取；图例区域已排除。
line-simulation_a11-0008,simulation_a11,0.2276499040722028,0.8561389821160736,0.014364849893263476,0.004753801763507148,204.0,78.0,2.0,False,visible_candidate,image_candidate,按原始 JPEG 描边目标颜色、坐标范围与局部连续性提取；图例区域已排除。
line-simulation_a11-0009,simulation_a11,0.25637960385872965,0.8620812343204576,0.014364849893263476,0.004753801763507148,214.0,75.5,2.0,False,visible_candidate,image_candidate,按原始 JPEG 描边目标颜色、坐标范围与局部连续性提取；图例区域已排除。
line-simulation_a11-0010,simulation_a11,0.2851093036452565,0.8585158829978272,0.014364849893263476,0.004753801763507148,224.0,77.0,2.0,False,visible_candidate,image_candidate,按原始 JPEG 描边目标颜色、坐标范围与局部连续性提取；图例区域已排除。
line-simulation_a11-0011,simulation_a11,0.31383900343178334,0.8680234865248415,0.014364849893263476,0.004753801763507148,234.0,73.0,2.0,False,visible_candidate,image_candidate,按原始 JPEG 描边目标颜色、坐标范围与局部连续性提取；图例区域已排除。
line-simulation_a11-0012,simulation_a11,0.3425687032183102,0.8704003874065951,0.014364849893263476,0.004753801763507148,244.0,72.0,2.0,False,visible_candidate,image_candidate,按原始 JPEG 描边目标颜色、坐标范围与局部连续性提取；图例区域已排除。
line-simulation_a11-0013,simulation_a11,0.37129840300483713,0.8656465856430879,0.014364849893263476,0.004753801763507148,254.0,74.0,2.0,False,visible_candidate,image_candidate,按原始 JPEG 描边目标颜色、坐标范围与局部连续性提取；图例区域已排除。
line-simulation_a11-0014,simulation_a11,0.40002810279136397,0.8692119369657183,0.014364849893263476,0.004753801763507148,264.0,72.5,2.0,False,visible_candidate,image_candidate,按原始 JPEG 描边目标颜色、坐标范围与局部连续性提取；图例区域已排除。
line-simulation_a11-0015,simulation_a11,0.4287578025778908,0.8668350360839647,0.014364849893263476,0.004753801763507148,274.0,73.5,2.0,False,visible_candidate,image_candidate,按原始 JPEG 描边目标颜色、坐标范围与局部连续性提取；图例区域已排除。
line-simulation_a11-0016,simulation_a11,0.45748750236441765,0.8561389821160736,0.014364849893263476,0.004753801763507148,284.0,78.0,2.0,False,visible_candidate,image_candidate,按原始 JPEG 描边目标颜色、坐标范围与局部连续性提取；图例区域已排除。
line-simulation_a11-0017,simulation_a11,0.4862172021509445,0.8418775768255524,0.01436484989326342,0.004753801763507148,294.0,84.0,2.0,False,visible_candidate,image_candidate,按原始 JPEG 描边目标颜色、坐标范围与局部连续性提取；图例区域已排除。
line-simulation_a11-0018,simulation_a11,0.5149469019374713,0.8228623697715239,0.014364849893263587,0.004753801763507148,304.0,92.0,2.0,False,visible_candidate,image_candidate,按原始 JPEG 描边目标颜色、坐标范围与局部连续性提取；图例区域已排除。
line-simulation_a11-0019,simulation_a11,0.5436766017239982,0.812166315803633,0.014364849893263365,0.004753801763507148,314.0,96.5,2.0,False,visible_candidate,image_candidate,按原始 JPEG 描边目标颜色、坐标范围与局部连续性提取；图例区域已排除。
line-simulation_a11-0020,simulation_a11,0.5666603615532197,0.8074125140401258,0.014364849893263365,0.004753801763507148,322.0,98.5,2.0,False,visible_candidate,image_candidate,按原始 JPEG 描边目标颜色、坐标范围与局部连续性提取；图例区域已排除。
line-simulation_a11-0021,simulation_a11,0.6011360012970519,0.7990933609539884,0.014364849893263587,0.004753801763507148,334.0,102.0,2.0,False,visible_candidate,image_candidate,按原始 JPEG 描边目标颜色、坐标范围与局部连续性提取；图例区域已排除。
line-simulation_a11-0022,simulation_a11,0.6298657010835789,0.7860204061043439,0.014364849893263365,0.004753801763507148,344.0,107.5,2.0,False,visible_candidate,image_candidate,按原始 JPEG 描边目标颜色、坐标范围与局部连续性提取；图例区域已排除。
line-simulation_a11-0023,simulation_a11,0.6585954008701056,0.7313516858240121,0.014364849893263587,0.004753801763507148,354.0,130.5,2.0,False,visible_candidate,image_candidate,按原始 JPEG 描边目标颜色、坐标范围与局部连续性提取；图例区域已排除。
line-simulation_a11-0024,simulation_a11,0.6873251006566325,0.6873790195115714,0.014364849893263365,0.004753801763507148,364.0,149.0,2.0,False,visible_candidate,image_candidate,按原始 JPEG 描边目标颜色、坐标范围与局部连续性提取；图例区域已排除。
line-simulation_a11-0025,simulation_a11,0.7103088604858541,0.6683638124575431,0.014364849893263587,0.004753801763507148,372.0,157.0,2.0,False,visible_candidate,image_candidate,按原始 JPEG 描边目标颜色、坐标范围与局部连续性提取；图例区域已排除。
line-simulation_a11-0026,simulation_a11,0.7447845002296862,0.644000578419569,0.014364849893263365,0.004753801763507148,384.0,167.25,2.0,False,visible_candidate,image_candidate,按原始 JPEG 描边目标颜色、坐标范围与局部连续性提取；图例区域已排除。
line-simulation_a11-0027,simulation_a11,0.7735142000162132,0.63627565055387,0.014364849893263587,0.004753801763507148,394.0,170.5,2.0,False,visible_candidate,image_candidate,按原始 JPEG 描边目标颜色、坐标范围与局部连续性提取；图例区域已排除。
line-simulation_a11-0028,simulation_a11,0.8022438998027399,0.6659869115757895,0.014364849893263365,0.004753801763507148,404.0,158.0,2.0,False,visible_candidate,image_candidate,按原始 JPEG 描边目标颜色、坐标范围与局部连续性提取；图例区域已排除。
line-simulation_a11-0029,simulation_a11,0.8309735995892669,0.6303333983494861,0.014364849893263587,0.004753801763507148,414.0,173.0,2.0,False,visible_candidate,image_candidate,按原始 JPEG 描边目标颜色、坐标范围与局部连续性提取；图例区域已排除。
line-simulation_a11-0030,simulation_a11,0.8597032993757936,0.646971704521761,0.014364849893263587,0.004753801763507148,424.0,166.0,2.0,False,visible_candidate,image_candidate,按原始 JPEG 描边目标颜色、坐标范围与局部连续性提取；图例区域已排除。
line-simulation_a11-0031,simulation_a11,0.8884329991623205,0.6445948036400075,0.014364849893263365,0.004753801763507148,434.0,167.0,2.0,False,visible_candidate,image_candidate,按原始 JPEG 描边目标颜色、坐标范围与局部连续性提取；图例区域已排除。
line-simulation_a11-0032,simulation_a11,0.9142897289701948,0.6517255062852682,0.014364849893263587,0.004753801763507148,443.0,164.0,2.0,False,visible_candidate,image_candidate,按原始 JPEG 描边目标颜色、坐标范围与局部连续性提取；图例区域已排除。
line-simulation_a11-0033,simulation_a11,0.9502018537033532,0.6691065939830909,0.014364849893263587,0.004753801763507148,455.5,156.6875,2.0,False,visible_candidate,image_candidate,按原始 JPEG 描边目标颜色、坐标范围与局部连续性提取；图例区域已排除。
line-simulation_a11-0034,simulation_a11,0.9746220985219012,0.711148028329107,0.014364849893263587,0.004753801763507148,464.0,139.0,2.0,False,visible_candidate,image_candidate,按原始 JPEG 描边目标颜色、坐标范围与局部连续性提取；图例区域已排除。
line-simulation_a11-0035,simulation_a11,1.0019153133191017,0.7459102037247527,0.014364849893263365,0.004753801763507148,473.5,124.375,2.0,False,visible_candidate,image_candidate,按原始 JPEG 描边目标颜色、坐标范围与局部连续性提取；图例区域已排除。
line-simulation_a11-0036,simulation_a11,1.0320814980949549,0.7937453339700429,0.014364849893263365,0.004753801763507148,484.0,104.25,2.0,False,visible_candidate,image_candidate,按原始 JPEG 描边目标颜色、坐标范围与局部连续性提取；图例区域已排除。
line-simulation_a11-0037,simulation_a11,1.0608111978814818,0.8050356131583724,0.014364849893263587,0.004753801763507148,494.0,99.5,2.0,False,visible_candidate,image_candidate,按原始 JPEG 描边目标颜色、坐标范围与局部连续性提取；图例区域已排除。
line-simulation_a11-0038,simulation_a11,1.0895408976680085,0.8097894149218794,0.014364849893263365,0.004753801763507148,504.0,97.5,2.0,False,visible_candidate,image_candidate,按原始 JPEG 描边目标颜色、坐标范围与局部连续性提取；图例区域已排除。
line-simulation_a11-0039,simulation_a11,1.1182705974545355,0.8192970184488937,0.014364849893263587,0.004753801763507148,514.0,93.5,2.0,False,visible_candidate,image_candidate,按原始 JPEG 描边目标颜色、坐标范围与局部连续性提取；图例区域已排除。
line-simulation_a11-0040,simulation_a11,1.1470002972410622,0.8347468741802917,0.014364849893263587,0.004753801763507148,524.0,87.0,2.0,False,visible_candidate,image_candidate,按原始 JPEG 描边目标颜色、坐标范围与局部连续性提取；图例区域已排除。
line-simulation_a11-0041,simulation_a11,1.1757299970275892,0.8537620812343202,0.014364849893263365,0.004753801763507148,534.0,79.0,2.0,False,visible_candidate,image_candidate,按原始 JPEG 描边目标颜色、坐标范围与局部连续性提取；图例区域已排除。
line-simulation_a11-0042,simulation_a11,1.2044596968141161,0.8585158829978272,0.014364849893263587,0.004753801763507148,544.0,77.0,2.0,False,visible_candidate,image_candidate,按原始 JPEG 描边目标颜色、坐标范围与局部连续性提取；图例区域已排除。
line-simulation_a11-0043,simulation_a11,1.2331893966006429,0.8704003874065951,0.014364849893263365,0.004753801763507148,554.0,72.0,2.0,False,visible_candidate,image_candidate,按原始 JPEG 描边目标颜色、坐标范围与局部连续性提取；图例区域已排除。
line-simulation_a11-0044,simulation_a11,1.2619190963871698,0.8715888378474719,0.014364849893263587,0.004753801763507148,564.0,71.5,2.0,False,visible_candidate,image_candidate,按原始 JPEG 描边目标颜色、坐标范围与局部连续性提取；图例区域已排除。
line-simulation_a11-0045,simulation_a11,1.2906487961736965,0.8668350360839647,0.014364849893263587,0.004753801763507148,574.0,73.5,2.0,False,visible_candidate,image_candidate,按原始 JPEG 描边目标颜色、坐标范围与局部连续性提取；图例区域已排除。
line-simulation_a11-0046,simulation_a11,1.3193784959602235,0.8704003874065951,0.014364849893263365,0.004753801763507148,584.0,72.0,2.0,False,visible_candidate,image_candidate,按原始 JPEG 描边目标颜色、坐标范围与局部连续性提取；图例区域已排除。
line-simulation_a11-0047,simulation_a11,1.3481081957467502,0.8644581352022112,0.014364849893263587,0.004753801763507148,594.0,74.5,2.0,False,visible_candidate,image_candidate,按原始 JPEG 描边目标颜色、坐标范围与局部连续性提取；图例区域已排除。
line-simulation_a11-0048,simulation_a11,1.3768378955332772,0.8656465856430879,0.014364849893263365,0.004753801763507148,604.0,74.0,2.0,False,visible_candidate,image_candidate,按原始 JPEG 描边目标颜色、坐标范围与局部连续性提取；图例区域已排除。
line-simulation_a11-0049,simulation_a11,1.4055675953198041,0.8632696847613344,0.014364849893263587,0.004753801763507148,614.0,75.0,2.0,False,visible_candidate,image_candidate,按原始 JPEG 描边目标颜色、坐标范围与局部连续性提取；图例区域已排除。
line-simulation_a11-0050,simulation_a11,1.4342972951063309,0.8501967299116898,0.014364849893263587,0.004753801763507148,624.0,80.5,2.0,False,visible_candidate,image_candidate,按原始 JPEG 描边目标颜色、坐标范围与局部连续性提取；图例区域已排除。
line-simulation_a11-0051,simulation_a11,1.4630269948928578,0.8383122255029221,0.014364849893263365,0.004753801763507148,634.0,85.5,2.0,False,visible_candidate,image_candidate,按原始 JPEG 描边目标颜色、坐标范围与局部连续性提取；图例区域已排除。
line-simulation_a11-0052,simulation_a11,1.4917566946793845,0.8133547662445098,0.014364849893263587,0.004753801763507148,644.0,96.0,2.0,False,visible_candidate,image_candidate,按原始 JPEG 描边目标颜色、坐标范围与局部连续性提取；图例区域已排除。
line-simulation_a11-0053,simulation_a11,1.5204863944659115,0.7824550547817135,0.014364849893263365,0.004753801763507148,654.0,109.0,2.0,False,visible_candidate,image_candidate,按原始 JPEG 描边目标颜色、坐标范围与局部连续性提取；图例区域已排除。
line-simulation_a11-0054,simulation_a11,1.5492160942524384,0.7753243521364529,0.014364849893263587,0.004753801763507037,664.0,112.0,2.0,False,visible_candidate,image_candidate,按原始 JPEG 描边目标颜色、坐标范围与局部连续性提取；图例区域已排除。
line-simulation_a11-0055,simulation_a11,1.5779457940389652,0.7687878747116306,0.014364849893263587,0.004753801763507148,674.0,114.75,2.0,False,visible_candidate,image_candidate,按原始 JPEG 描边目标颜色、坐标范围与局部连续性提取；图例区域已排除。
line-simulation_a11-0056,simulation_a11,1.6066754938254921,0.7634398477276851,0.014364849893263365,0.004753801763507148,684.0,117.0,2.0,False,visible_candidate,image_candidate,按原始 JPEG 描边目标颜色、坐标范围与局部连续性提取；图例区域已排除。
line-simulation_a22-0001,simulation_a22,0.03085146053449378,0.21081039271998403,0.01436484989326342,0.004753801763507148,135.5,349.5,2.0,True,visible_candidate,image_candidate,按原始 JPEG 描边目标颜色、坐标范围与局部连续性提取；图例区域已排除。
line-simulation_a22-0002,simulation_a22,0.0552717053530416,0.21081039271998403,0.01436484989326342,0.004753801763507148,144.0,349.5,2.0,False,visible_candidate,image_candidate,按原始 JPEG 描边目标颜色、坐标范围与局部连续性提取；图例区域已排除。
line-simulation_a22-0003,simulation_a22,0.08400140513956844,0.20605659095647688,0.014364849893263476,0.004753801763507148,154.0,351.5,2.0,False,visible_candidate,image_candidate,按原始 JPEG 描边目标颜色、坐标范围与局部连续性提取；图例区域已排除。
line-simulation_a22-0004,simulation_a22,0.11273110492609534,0.19417208654770912,0.01436484989326342,0.004753801763507148,164.0,356.5,2.0,False,visible_candidate,image_candidate,按原始 JPEG 描边目标颜色、坐标范围与局部连续性提取；图例区域已排除。
line-simulation_a22-0005,simulation_a22,0.14146080471262218,0.178722230816311,0.014364849893263476,0.004753801763507148,174.0,363.0,2.0,False,visible_candidate,image_candidate,按原始 JPEG 描边目标颜色、坐标范围与局部连续性提取；图例区域已排除。
line-simulation_a22-0006,simulation_a22,0.17019050449914902,0.1608954742031593,0.014364849893263476,0.004753801763507148,184.0,370.5,2.0,False,visible_candidate,image_candidate,按原始 JPEG 描边目标颜色、坐标范围与局部连续性提取；图例区域已排除。
line-simulation_a22-0007,simulation_a22,0.19892020428567586,0.12999576274036317,0.014364849893263476,0.004753801763507148,194.0,383.5,2.0,False,visible_candidate,image_candidate,按原始 JPEG 描边目标颜色、坐标范围与局部连续性提取；图例区域已排除。
line-simulation_a22-0008,simulation_a22,0.2276499040722028,0.12048815921334899,0.014364849893263476,0.004753801763507148,204.0,387.5,2.0,False,visible_candidate,image_candidate,按原始 JPEG 描边目标颜色、坐标范围与局部连续性提取；图例区域已排除。
line-simulation_a22-0009,simulation_a22,0.25637960385872965,0.11454590700896505,0.014364849893263476,0.004753801763507148,214.0,390.0,2.0,False,visible_candidate,image_candidate,按原始 JPEG 描边目标颜色、坐标范围与局部连续性提取；图例区域已排除。
line-simulation_a22-0010,simulation_a22,0.2851093036452565,0.1026614026001973,0.014364849893263476,0.004753801763507148,224.0,395.0,2.0,False,visible_candidate,image_candidate,按原始 JPEG 描边目标颜色、坐标范围与局部连续性提取；图例区域已排除。
line-simulation_a22-0011,simulation_a22,0.31383900343178334,0.10028450171844372,0.014364849893263476,0.004753801763507148,234.0,396.0,2.0,False,visible_candidate,image_candidate,按原始 JPEG 描边目标颜色、坐标范围与局部连续性提取；图例区域已排除。
line-simulation_a22-0012,simulation_a22,0.3425687032183102,0.09909605127756693,0.014364849893263476,0.004753801763507148,244.0,396.5,2.0,False,visible_candidate,image_candidate,按原始 JPEG 描边目标颜色、坐标范围与局部连续性提取；图例区域已排除。
line-simulation_a22-0013,simulation_a22,0.37129840300483713,0.09671915039581347,0.014364849893263476,0.004753801763507148,254.0,397.5,2.0,False,visible_candidate,image_candidate,按原始 JPEG 描边目标颜色、坐标范围与局部连续性提取；图例区域已排除。
line-simulation_a22-0014,simulation_a22,0.40002810279136397,0.09909605127756693,0.014364849893263476,0.004753801763507148,264.0,396.5,2.0,False,visible_candidate,image_candidate,按原始 JPEG 描边目标颜色、坐标范围与局部连续性提取；图例区域已排除。
line-simulation_a22-0015,simulation_a22,0.4287578025778908,0.1014729521593205,0.014364849893263476,0.004753801763507148,274.0,395.5,2.0,False,visible_candidate,image_candidate,按原始 JPEG 描边目标颜色、坐标范围与局部连续性提取；图例区域已排除。
line-simulation_a22-0016,simulation_a22,0.45748750236441765,0.10028450171844372,0.014364849893263476,0.004753801763507148,284.0,396.0,2.0,False,visible_candidate,image_candidate,按原始 JPEG 描边目标颜色、坐标范围与局部连续性提取；图例区域已排除。
line-simulation_a22-0017,simulation_a22,0.4862172021509445,0.1288073122994864,0.01436484989326342,0.004753801763507148,294.0,384.0,2.0,False,visible_candidate,image_candidate,按原始 JPEG 描边目标颜色、坐标范围与局部连续性提取；图例区域已排除。
line-simulation_a22-0018,simulation_a22,0.5149469019374713,0.14663406891263808,0.014364849893263587,0.004753801763507148,304.0,376.5,2.0,False,visible_candidate,image_candidate,按原始 JPEG 描边目标颜色、坐标范围与局部连续性提取；图例区域已排除。
line-simulation_a22-0019,simulation_a22,0.5436766017239982,0.15851857332140584,0.014364849893263365,0.004753801763507148,314.0,371.5,2.0,False,visible_candidate,image_candidate,按原始 JPEG 描边目标颜色、坐标范围与局部连续性提取；图例区域已排除。
line-simulation_a22-0020,simulation_a22,0.5724063015105252,0.16802617684842003,0.014364849893263587,0.004753801763507148,324.0,367.5,2.0,False,visible_candidate,image_candidate,按原始 JPEG 描边目标颜色、坐标范围与局部连续性提取；图例区域已排除。
line-simulation_a22-0021,simulation_a22,0.6011360012970519,0.1775337803754342,0.014364849893263587,0.004753801763507148,334.0,363.5,2.0,False,visible_candidate,image_candidate,按原始 JPEG 描边目标颜色、坐标范围与局部连续性提取；图例区域已排除。
line-simulation_a22-0022,simulation_a22,0.6298657010835789,0.18585293346157172,0.014364849893263365,0.004753801763507148,344.0,360.0,2.0,False,visible_candidate,image_candidate,按原始 JPEG 描边目标颜色、坐标范围与局部连续性提取；图例区域已排除。
line-simulation_a22-0023,simulation_a22,0.6585954008701056,0.23576785197839634,0.014364849893263587,0.004753801763507148,354.0,339.0,2.0,False,visible_candidate,image_candidate,按原始 JPEG 描边目标颜色、坐标范围与局部连续性提取；图例区域已排除。
line-simulation_a22-0024,simulation_a22,0.6873251006566325,0.27617516696820665,0.014364849893263365,0.004753801763507148,364.0,322.0,2.0,False,visible_candidate,image_candidate,按原始 JPEG 描边目标颜色、坐标范围与局部连续性提取；图例区域已排除。
line-simulation_a22-0025,simulation_a22,0.7160548004431593,0.2880596713769744,0.014364849893263587,0.004753801763507148,374.0,317.0,2.0,False,visible_candidate,image_candidate,按原始 JPEG 描边目标颜色、坐标范围与局部连续性提取；图例区域已排除。
line-simulation_a22-0026,simulation_a22,0.747657470208339,0.31777093239889387,0.014364849893263365,0.004753801763507148,385.0,304.5,2.0,False,visible_candidate,image_candidate,按原始 JPEG 描边目标颜色、坐标范围与局部连续性提取；图例区域已排除。
line-simulation_a22-0027,simulation_a22,0.7677682600589077,0.31836515761933226,0.014364849893263365,0.004753801763507148,392.0,304.25,2.0,False,visible_candidate,image_candidate,按原始 JPEG 描边目标颜色、坐标范围与局部连续性提取；图例区域已排除。
line-simulation_a22-0028,simulation_a22,0.8022438998027399,0.3249016350441546,0.014364849893263365,0.004753801763507148,404.0,301.5,2.0,False,visible_candidate,image_candidate,按原始 JPEG 描边目标颜色、坐标范围与局部连续性提取；图例区域已排除。
line-simulation_a22-0029,simulation_a22,0.8309735995892669,0.32609008548503127,0.014364849893263587,0.004753801763507148,414.0,301.0,2.0,False,visible_candidate,image_candidate,按原始 JPEG 描边目标颜色、坐标范围与局部连续性提取；图例区域已排除。
line-simulation_a22-0030,simulation_a22,0.8539573594184884,0.3237131846032778,0.014364849893263587,0.004753801763507148,422.0,302.0,2.0,False,visible_candidate,image_candidate,按原始 JPEG 描边目标颜色、坐标范围与局部连续性提取；图例区域已排除。
line-simulation_a22-0031,simulation_a22,0.8884329991623205,0.3130171306353867,0.014364849893263365,0.004753801763507148,434.0,306.5,2.0,False,visible_candidate,image_candidate,按原始 JPEG 描边目标颜色、坐标范围与局部连续性提取；图例区域已排除。
line-simulation_a22-0032,simulation_a22,0.9185991839381737,0.2969730496835503,0.014364849893263365,0.004753801763507148,444.5,313.25,2.0,False,visible_candidate,image_candidate,按原始 JPEG 描边目标颜色、坐标范围与局部连续性提取；图例区域已排除。
line-simulation_a22-0033,simulation_a22,0.9458923987353742,0.2809289687317138,0.014364849893263365,0.004753801763507148,454.0,320.0,2.0,False,visible_candidate,image_candidate,按原始 JPEG 描边目标颜色、坐标范围与局部连续性提取；图例区域已排除。
line-simulation_a22-0034,simulation_a22,0.9746220985219012,0.25002925726891756,0.014364849893263587,0.004753801763507148,464.0,333.0,2.0,False,visible_candidate,image_candidate,按原始 JPEG 描边目标颜色、坐标范围与局部连续性提取；图例区域已排除。
line-simulation_a22-0035,simulation_a22,1.003351798308428,0.20962194227910724,0.014364849893263587,0.004753801763507148,474.0,350.0,2.0,False,visible_candidate,image_candidate,按原始 JPEG 描边目标颜色、坐标范围与局部连续性提取；图例区域已排除。
line-simulation_a22-0036,simulation_a22,1.0320814980949549,0.1775337803754342,0.014364849893263365,0.004753801763507148,484.0,363.5,2.0,False,visible_candidate,image_candidate,按原始 JPEG 描边目标颜色、坐标范围与局部连续性提取；图例区域已排除。
line-simulation_a22-0037,simulation_a22,1.0608111978814818,0.16564927596666645,0.014364849893263587,0.004753801763507148,494.0,368.5,2.0,False,visible_candidate,image_candidate,按原始 JPEG 描边目标颜色、坐标范围与局部连续性提取；图例区域已排除。
line-simulation_a22-0038,simulation_a22,1.0895408976680085,0.15970702376228263,0.014364849893263365,0.004753801763507148,504.0,371.0,2.0,False,visible_candidate,image_candidate,按原始 JPEG 描边目标颜色、坐标范围与局部连续性提取；图例区域已排除。
line-simulation_a22-0039,simulation_a22,1.1182705974545355,0.15138787067614512,0.014364849893263587,0.004753801763507148,514.0,374.5,2.0,False,visible_candidate,image_candidate,按原始 JPEG 描边目标颜色、坐标范围与局部连续性提取；图例区域已排除。
line-simulation_a22-0040,simulation_a22,1.154182722187694,0.10474119087173162,0.014364849893263587,0.004753801763507148,526.5,394.125,2.0,False,visible_candidate,image_candidate,按原始 JPEG 描边目标颜色、坐标范围与局部连续性提取；图例区域已排除。
line-simulation_a22-0041,simulation_a22,1.1757299970275892,0.10622675392282765,0.014364849893263365,0.004753801763507148,534.0,393.5,2.0,False,visible_candidate,image_candidate,按原始 JPEG 描边目标颜色、坐标范围与局部连续性提取；图例区域已排除。
line-simulation_a22-0042,simulation_a22,1.2044596968141161,0.10979210524545802,0.014364849893263587,0.004753801763507148,544.0,392.0,2.0,False,visible_candidate,image_candidate,按原始 JPEG 描边目标颜色、坐标范围与局部连续性提取；图例区域已排除。
line-simulation_a22-0043,simulation_a22,1.2331893966006429,0.09790760083669015,0.014364849893263365,0.004753801763507148,554.0,397.0,2.0,False,visible_candidate,image_candidate,按原始 JPEG 描边目标颜色、坐标范围与局部连续性提取；图例区域已排除。
line-simulation_a22-0044,simulation_a22,1.2619190963871698,0.09671915039581347,0.014364849893263587,0.004753801763507148,564.0,397.5,2.0,False,visible_candidate,image_candidate,按原始 JPEG 描边目标颜色、坐标范围与局部连续性提取；图例区域已排除。
line-simulation_a22-0045,simulation_a22,1.2906487961736965,0.09315379907318311,0.014364849893263587,0.004753801763507148,574.0,399.0,2.0,False,visible_candidate,image_candidate,按原始 JPEG 描边目标颜色、坐标范围与局部连续性提取；图例区域已排除。
line-simulation_a22-0046,simulation_a22,1.3193784959602235,0.1014729521593205,0.014364849893263365,0.004753801763507148,584.0,395.5,2.0,False,visible_candidate,image_candidate,按原始 JPEG 描边目标颜色、坐标范围与局部连续性提取；图例区域已排除。
line-simulation_a22-0047,simulation_a22,1.3481081957467502,0.09315379907318311,0.014364849893263587,0.004753801763507148,594.0,399.0,2.0,False,visible_candidate,image_candidate,按原始 JPEG 描边目标颜色、坐标范围与局部连续性提取；图例区域已排除。
line-simulation_a22-0048,simulation_a22,1.3768378955332772,0.10384985304107408,0.014364849893263365,0.004753801763507148,604.0,394.5,2.0,False,visible_candidate,image_candidate,按原始 JPEG 描边目标颜色、坐标范围与局部连续性提取；图例区域已排除。
line-simulation_a22-0049,simulation_a22,1.4055675953198041,0.10741520436370444,0.014364849893263587,0.004753801763507148,614.0,393.0,2.0,False,visible_candidate,image_candidate,按原始 JPEG 描边目标颜色、坐标范围与局部连续性提取；图例区域已排除。
line-simulation_a22-0050,simulation_a22,1.4342972951063309,0.10741520436370444,0.014364849893263587,0.004753801763507148,624.0,393.0,2.0,False,visible_candidate,image_candidate,按原始 JPEG 描边目标颜色、坐标范围与局部连续性提取；图例区域已排除。
line-simulation_a33-0001,simulation_a33,0.03085146053449378,0.023332335671672366,0.01436484989326342,0.004753801763507148,135.5,428.375,2.0,True,visible_candidate,image_candidate,按原始 JPEG 描边目标颜色、坐标范围与局部连续性提取；图例区域已排除。
line-simulation_a33-0002,simulation_a33,0.0552717053530416,0.027789024824960373,0.01436484989326342,0.004753801763507148,144.0,426.5,2.0,False,visible_candidate,image_candidate,按原始 JPEG 描边目标颜色、坐标范围与局部连续性提取；图例区域已排除。
line-simulation_a33-0003,simulation_a33,0.08400140513956844,0.027789024824960373,0.014364849893263476,0.004753801763507148,154.0,426.5,2.0,False,visible_candidate,image_candidate,按原始 JPEG 描边目标颜色、坐标范围与局部连续性提取；图例区域已排除。
line-simulation_a33-0004,simulation_a33,0.11273110492609534,0.027789024824960373,0.01436484989326342,0.004753801763507148,164.0,426.5,2.0,False,visible_candidate,image_candidate,按原始 JPEG 描边目标颜色、坐标范围与局部连续性提取；图例区域已排除。
line-simulation_a33-0005,simulation_a33,0.14146080471262218,0.027789024824960373,0.014364849893263476,0.004753801763507148,174.0,426.5,2.0,False,visible_candidate,image_candidate,按原始 JPEG 描边目标颜色、坐标范围与局部连续性提取；图例区域已排除。
line-simulation_a33-0006,simulation_a33,0.17019050449914902,0.027789024824960373,0.014364849893263476,0.004753801763507148,184.0,426.5,2.0,False,visible_candidate,image_candidate,按原始 JPEG 描边目标颜色、坐标范围与局部连续性提取；图例区域已排除。
line-simulation_a33-0007,simulation_a33,0.19892020428567586,0.027789024824960373,0.014364849893263476,0.004753801763507148,194.0,426.5,2.0,False,visible_candidate,image_candidate,按原始 JPEG 描边目标颜色、坐标范围与局部连续性提取；图例区域已排除。
line-simulation_a33-0008,simulation_a33,0.2276499040722028,0.030165925706713947,0.014364849893263476,0.004753801763507148,204.0,425.5,2.0,False,visible_candidate,image_candidate,按原始 JPEG 描边目标颜色、坐标范围与局部连续性提取；图例区域已排除。
line-simulation_a33-0009,simulation_a33,0.25637960385872965,0.030165925706713947,0.014364849893263476,0.004753801763507148,214.0,425.5,2.0,False,visible_candidate,image_candidate,按原始 JPEG 描边目标颜色、坐标范围与局部连续性提取；图例区域已排除。
line-simulation_a33-0010,simulation_a33,0.2851093036452565,0.030165925706713947,0.014364849893263476,0.004753801763507148,224.0,425.5,2.0,False,visible_candidate,image_candidate,按原始 JPEG 描边目标颜色、坐标范围与局部连续性提取；图例区域已排除。
line-simulation_a33-0011,simulation_a33,0.31383900343178334,0.030165925706713947,0.014364849893263476,0.004753801763507148,234.0,425.5,2.0,False,visible_candidate,image_candidate,按原始 JPEG 描边目标颜色、坐标范围与局部连续性提取；图例区域已排除。
line-simulation_a33-0012,simulation_a33,0.3425687032183102,0.030165925706713947,0.014364849893263476,0.004753801763507148,244.0,425.5,2.0,False,visible_candidate,image_candidate,按原始 JPEG 描边目标颜色、坐标范围与局部连续性提取；图例区域已排除。
line-simulation_a33-0013,simulation_a33,0.37129840300483713,0.031354376147590735,0.014364849893263476,0.004753801763507148,254.0,425.0,2.0,False,visible_candidate,image_candidate,按原始 JPEG 描边目标颜色、坐标范围与局部连续性提取；图例区域已排除。
line-simulation_a33-0014,simulation_a33,0.40002810279136397,0.030165925706713947,0.014364849893263476,0.004753801763507148,264.0,425.5,2.0,False,visible_candidate,image_candidate,按原始 JPEG 描边目标颜色、坐标范围与局部连续性提取；图例区域已排除。
line-simulation_a33-0015,simulation_a33,0.4287578025778908,0.030165925706713947,0.014364849893263476,0.004753801763507148,274.0,425.5,2.0,False,visible_candidate,image_candidate,按原始 JPEG 描边目标颜色、坐标范围与局部连续性提取；图例区域已排除。
line-simulation_a33-0016,simulation_a33,0.45748750236441765,0.031354376147590735,0.014364849893263476,0.004753801763507148,284.0,425.0,2.0,False,visible_candidate,image_candidate,按原始 JPEG 描边目标颜色、坐标范围与局部连续性提取；图例区域已排除。
line-simulation_a33-0017,simulation_a33,0.4862172021509445,0.030165925706713947,0.01436484989326342,0.004753801763507148,294.0,425.5,2.0,False,visible_candidate,image_candidate,按原始 JPEG 描边目标颜色、坐标范围与局部连续性提取；图例区域已排除。
line-simulation_a33-0018,simulation_a33,0.5149469019374713,0.030165925706713947,0.014364849893263587,0.004753801763507148,304.0,425.5,2.0,False,visible_candidate,image_candidate,按原始 JPEG 描边目标颜色、坐标范围与局部连续性提取；图例区域已排除。
line-simulation_a33-0019,simulation_a33,0.5436766017239982,0.030165925706713947,0.014364849893263365,0.004753801763507148,314.0,425.5,2.0,False,visible_candidate,image_candidate,按原始 JPEG 描边目标颜色、坐标范围与局部连续性提取；图例区域已排除。
line-simulation_a33-0020,simulation_a33,0.5724063015105252,0.030165925706713947,0.014364849893263587,0.004753801763507148,324.0,425.5,2.0,False,visible_candidate,image_candidate,按原始 JPEG 描边目标颜色、坐标范围与局部连续性提取；图例区域已排除。
line-simulation_a33-0021,simulation_a33,0.6011360012970519,0.030165925706713947,0.014364849893263587,0.004753801763507148,334.0,425.5,2.0,False,visible_candidate,image_candidate,按原始 JPEG 描边目标颜色、坐标范围与局部连续性提取；图例区域已排除。
line-simulation_a33-0022,simulation_a33,0.6298657010835789,0.030165925706713947,0.014364849893263365,0.004753801763507148,344.0,425.5,2.0,False,visible_candidate,image_candidate,按原始 JPEG 描边目标颜色、坐标范围与局部连续性提取；图例区域已排除。
line-simulation_a33-0023,simulation_a33,0.6585954008701056,0.03373127702934431,0.014364849893263587,0.004753801763507148,354.0,424.0,2.0,False,visible_candidate,image_candidate,按原始 JPEG 描边目标颜色、坐标范围与局部连续性提取；图例区域已排除。
line-simulation_a33-0024,simulation_a33,0.6873251006566325,0.03610817791109788,0.014364849893263365,0.004753801763507148,364.0,423.0,2.0,False,visible_candidate,image_candidate,按原始 JPEG 描边目标颜色、坐标范围与局部连续性提取；图例区域已排除。
line-simulation_a33-0025,simulation_a33,0.7160548004431593,0.039673529233728244,0.014364849893263587,0.004753801763507148,374.0,421.5,2.0,False,visible_candidate,image_candidate,按原始 JPEG 描边目标颜色、坐标范围与局部连续性提取；图例区域已排除。
line-simulation_a33-0026,simulation_a33,0.7447845002296862,0.04086197967460481,0.014364849893263365,0.004753801763507259,384.0,421.0,2.0,False,visible_candidate,image_candidate,按原始 JPEG 描边目标颜色、坐标范围与局部连续性提取；图例区域已排除。
line-simulation_a33-0027,simulation_a33,0.7735142000162132,0.04205043011548171,0.014364849893263587,0.004753801763507037,394.0,420.5,2.0,False,visible_candidate,image_candidate,按原始 JPEG 描边目标颜色、坐标范围与局部连续性提取；图例区域已排除。
line-simulation_a33-0028,simulation_a33,0.8022438998027399,0.043238880556358494,0.014364849893263365,0.004753801763507037,404.0,420.0,2.0,False,visible_candidate,image_candidate,按原始 JPEG 描边目标颜色、坐标范围与局部连续性提取；图例区域已排除。
line-simulation_a33-0029,simulation_a33,0.8309735995892669,0.043238880556358494,0.014364849893263587,0.004753801763507037,414.0,420.0,2.0,False,visible_candidate,image_candidate,按原始 JPEG 描边目标颜色、坐标范围与局部连续性提取；图例区域已排除。
line-simulation_a33-0030,simulation_a33,0.8597032993757936,0.04205043011548171,0.014364849893263587,0.004753801763507037,424.0,420.5,2.0,False,visible_candidate,image_candidate,按原始 JPEG 描边目标颜色、坐标范围与局部连续性提取；图例区域已排除。
line-simulation_a33-0031,simulation_a33,0.8884329991623205,0.04086197967460481,0.014364849893263365,0.004753801763507259,434.0,421.0,2.0,False,visible_candidate,image_candidate,按原始 JPEG 描边目标颜色、坐标范围与局部连续性提取；图例区域已排除。
line-simulation_a33-0032,simulation_a33,0.9171626989488475,0.04086197967460481,0.014364849893263587,0.004753801763507259,444.0,421.0,2.0,False,visible_candidate,image_candidate,按原始 JPEG 描边目标颜色、坐标范围与局部连续性提取；图例区域已排除。
line-simulation_a33-0033,simulation_a33,0.9458923987353742,0.03848507879285146,0.014364849893263365,0.004753801763507148,454.0,422.0,2.0,False,visible_candidate,image_candidate,按原始 JPEG 描边目标颜色、坐标范围与局部连续性提取；图例区域已排除。
line-simulation_a33-0034,simulation_a33,0.9746220985219012,0.03610817791109788,0.014364849893263587,0.004753801763507148,464.0,423.0,2.0,False,visible_candidate,image_candidate,按原始 JPEG 描边目标颜色、坐标范围与局部连续性提取；图例区域已排除。
line-simulation_a33-0035,simulation_a33,1.003351798308428,0.03254282658846752,0.014364849893263587,0.004753801763507148,474.0,424.5,2.0,False,visible_candidate,image_candidate,按原始 JPEG 描边目标颜色、坐标范围与局部连续性提取；图例区域已排除。
line-simulation_a33-0036,simulation_a33,1.0320814980949549,0.031354376147590735,0.014364849893263365,0.004753801763507148,484.0,425.0,2.0,False,visible_candidate,image_candidate,按原始 JPEG 描边目标颜色、坐标范围与局部连续性提取；图例区域已排除。
line-simulation_a33-0037,simulation_a33,1.0608111978814818,0.030165925706713947,0.014364849893263587,0.004753801763507148,494.0,425.5,2.0,False,visible_candidate,image_candidate,按原始 JPEG 描边目标颜色、坐标范围与局部连续性提取；图例区域已排除。
line-simulation_a33-0038,simulation_a33,1.0895408976680085,0.030165925706713947,0.014364849893263365,0.004753801763507148,504.0,425.5,2.0,False,visible_candidate,image_candidate,按原始 JPEG 描边目标颜色、坐标范围与局部连续性提取；图例区域已排除。
line-simulation_a33-0039,simulation_a33,1.1182705974545355,0.031354376147590735,0.014364849893263587,0.004753801763507148,514.0,425.0,2.0,False,visible_candidate,image_candidate,按原始 JPEG 描边目标颜色、坐标范围与局部连续性提取；图例区域已排除。
line-simulation_a33-0040,simulation_a33,1.1470002972410622,0.030165925706713947,0.014364849893263587,0.004753801763507148,524.0,425.5,2.0,False,visible_candidate,image_candidate,按原始 JPEG 描边目标颜色、坐标范围与局部连续性提取；图例区域已排除。
line-simulation_a33-0041,simulation_a33,1.1757299970275892,0.030165925706713947,0.014364849893263365,0.004753801763507148,534.0,425.5,2.0,False,visible_candidate,image_candidate,按原始 JPEG 描边目标颜色、坐标范围与局部连续性提取；图例区域已排除。
line-simulation_a33-0042,simulation_a33,1.2044596968141161,0.030165925706713947,0.014364849893263587,0.004753801763507148,544.0,425.5,2.0,False,visible_candidate,image_candidate,按原始 JPEG 描边目标颜色、坐标范围与局部连续性提取；图例区域已排除。
line-simulation_a33-0043,simulation_a33,1.2331893966006429,0.030165925706713947,0.014364849893263365,0.004753801763507148,554.0,425.5,2.0,False,visible_candidate,image_candidate,按原始 JPEG 描边目标颜色、坐标范围与局部连续性提取；图例区域已排除。
line-simulation_a33-0044,simulation_a33,1.2619190963871698,0.030165925706713947,0.014364849893263587,0.004753801763507148,564.0,425.5,2.0,False,visible_candidate,image_candidate,按原始 JPEG 描边目标颜色、坐标范围与局部连续性提取；图例区域已排除。
line-simulation_a33-0045,simulation_a33,1.2906487961736965,0.030165925706713947,0.014364849893263587,0.004753801763507148,574.0,425.5,2.0,False,visible_candidate,image_candidate,按原始 JPEG 描边目标颜色、坐标范围与局部连续性提取；图例区域已排除。
line-simulation_a33-0046,simulation_a33,1.3193784959602235,0.030165925706713947,0.014364849893263365,0.004753801763507148,584.0,425.5,2.0,False,visible_candidate,image_candidate,按原始 JPEG 描边目标颜色、坐标范围与局部连续性提取；图例区域已排除。
line-simulation_a33-0047,simulation_a33,1.3481081957467502,0.030165925706713947,0.014364849893263587,0.004753801763507148,594.0,425.5,2.0,False,visible_candidate,image_candidate,按原始 JPEG 描边目标颜色、坐标范围与局部连续性提取；图例区域已排除。
line-simulation_a33-0048,simulation_a33,1.3768378955332772,0.030165925706713947,0.014364849893263365,0.004753801763507148,604.0,425.5,2.0,False,visible_candidate,image_candidate,按原始 JPEG 描边目标颜色、坐标范围与局部连续性提取；图例区域已排除。
line-simulation_a33-0049,simulation_a33,1.4055675953198041,0.030165925706713947,0.014364849893263587,0.004753801763507148,614.0,425.5,2.0,False,visible_candidate,image_candidate,按原始 JPEG 描边目标颜色、坐标范围与局部连续性提取；图例区域已排除。
line-simulation_a33-0050,simulation_a33,1.4342972951063309,0.030165925706713947,0.014364849893263587,0.004753801763507148,624.0,425.5,2.0,False,visible_candidate,image_candidate,按原始 JPEG 描边目标颜色、坐标范围与局部连续性提取；图例区域已排除。
line-simulation_a33-0051,simulation_a33,1.4630269948928578,0.02897747526583716,0.014364849893263365,0.004753801763507148,634.0,426.0,2.0,False,visible_candidate,image_candidate,按原始 JPEG 描边目标颜色、坐标范围与局部连续性提取；图例区域已排除。
line-simulation_a33-0052,simulation_a33,1.4917566946793845,0.02897747526583716,0.014364849893263587,0.004753801763507148,644.0,426.0,2.0,False,visible_candidate,image_candidate,按原始 JPEG 描边目标颜色、坐标范围与局部连续性提取；图例区域已排除。
line-simulation_a33-0053,simulation_a33,1.5204863944659115,0.030165925706713947,0.014364849893263365,0.004753801763507148,654.0,425.5,2.0,False,visible_candidate,image_candidate,按原始 JPEG 描边目标颜色、坐标范围与局部连续性提取；图例区域已排除。
line-simulation_a33-0054,simulation_a33,1.5492160942524384,0.030165925706713947,0.014364849893263587,0.004753801763507148,664.0,425.5,2.0,False,visible_candidate,image_candidate,按原始 JPEG 描边目标颜色、坐标范围与局部连续性提取；图例区域已排除。
line-simulation_a33-0055,simulation_a33,1.5779457940389652,0.030165925706713947,0.014364849893263587,0.004753801763507148,674.0,425.5,2.0,False,visible_candidate,image_candidate,按原始 JPEG 描边目标颜色、坐标范围与局部连续性提取；图例区域已排除。
line-simulation_a33-0056,simulation_a33,1.6066754938254921,0.030165925706713947,0.014364849893263365,0.004753801763507148,684.0,425.5,2.0,False,visible_candidate,image_candidate,按原始 JPEG 描边目标颜色、坐标范围与局部连续性提取；图例区域已排除。
line-uct_test_a11-0001,uct_test_a11,0.07681898019293676,0.7643311855583428,0.01436484989326342,0.004753801763507148,151.5,116.625,2.0,True,visible_candidate,image_candidate,按原始 JPEG 描边目标颜色、坐标范围与局部连续性提取；图例区域已排除。
line-uct_test_a11-0002,uct_test_a11,0.10123922501148458,0.7610629468459316,0.01436484989326342,0.004753801763507148,160.0,118.0,2.0,False,visible_candidate,image_candidate,按原始 JPEG 描边目标颜色、坐标范围与局部连续性提取；图例区域已排除。
line-uct_test_a11-0003,uct_test_a11,0.12996892479801142,0.7289747849422585,0.014364849893263476,0.004753801763507148,170.0,131.5,2.0,False,visible_candidate,image_candidate,按原始 JPEG 描边目标颜色、坐标范围与局部连续性提取；图例区域已排除。
line-uct_test_a11-0004,uct_test_a11,0.15869862458453826,0.7610629468459316,0.014364849893263476,0.004753801763507148,180.0,118.0,2.0,False,visible_candidate,image_candidate,按原始 JPEG 描边目标颜色、坐标范围与局部连续性提取；图例区域已排除。
line-uct_test_a11-0005,uct_test_a11,0.1874283243710652,0.8002818113948652,0.014364849893263476,0.004753801763507148,190.0,101.5,2.0,False,visible_candidate,image_candidate,按原始 JPEG 描边目标颜色、坐标范围与局部连续性提取；图例区域已排除。
line-uct_test_a11-0006,uct_test_a11,0.21615802415759205,0.8181085680080169,0.014364849893263476,0.004753801763507148,200.0,94.0,2.0,False,visible_candidate,image_candidate,按原始 JPEG 描边目标颜色、坐标范围与局部连续性提取；图例区域已排除。
line-uct_test_a11-0007,uct_test_a11,0.2448877239441189,0.8276161715350311,0.014364849893263476,0.004753801763507148,210.0,90.0,2.0,False,visible_candidate,image_candidate,按原始 JPEG 描边目标颜色、坐标范围与局部连续性提取；图例区域已排除。
line-uct_test_a11-0008,uct_test_a11,0.27361742373064574,0.8145432166853865,0.014364849893263476,0.004753801763507148,220.0,95.5,2.0,False,visible_candidate,image_candidate,按原始 JPEG 描边目标颜色、坐标范围与局部连续性提取；图例区域已排除。
line-uct_test_a11-0009,uct_test_a11,0.3023471235171726,0.8169201175671401,0.014364849893263476,0.004753801763507148,230.0,94.5,2.0,False,visible_candidate,image_candidate,按原始 JPEG 描边目标颜色、坐标范围与局部连续性提取；图例区域已排除。
line-uct_test_a11-0010,uct_test_a11,0.3310768233036994,0.8181085680080169,0.014364849893263476,0.004753801763507148,240.0,94.0,2.0,False,visible_candidate,image_candidate,按原始 JPEG 描边目标颜色、坐标范围与局部连续性提取；图例区域已排除。
line-uct_test_a11-0011,uct_test_a11,0.35980652309022637,0.8228623697715239,0.014364849893263476,0.004753801763507148,250.0,92.0,2.0,False,visible_candidate,image_candidate,按原始 JPEG 描边目标颜色、坐标范围与局部连续性提取；图例区域已排除。
line-uct_test_a11-0012,uct_test_a11,0.3885362228767532,0.8169201175671401,0.014364849893263476,0.004753801763507148,260.0,94.5,2.0,False,visible_candidate,image_candidate,按原始 JPEG 描边目标颜色、坐标范围与局部连续性提取；图例区域已排除。
line-uct_test_a11-0013,uct_test_a11,0.41726592266328005,0.812166315803633,0.014364849893263476,0.004753801763507148,270.0,96.5,2.0,False,visible_candidate,image_candidate,按原始 JPEG 描边目标颜色、坐标范围与局部连续性提取；图例区域已排除。
line-uct_test_a11-0014,uct_test_a11,0.4459956224498069,0.8145432166853865,0.014364849893263476,0.004753801763507148,280.0,95.5,2.0,False,visible_candidate,image_candidate,按原始 JPEG 描边目标颜色、坐标范围与局部连续性提取；图例区域已排除。
line-uct_test_a11-0015,uct_test_a11,0.47472532223633374,0.8169201175671401,0.014364849893263476,0.004753801763507148,290.0,94.5,2.0,False,visible_candidate,image_candidate,按原始 JPEG 描边目标颜色、坐标范围与局部连续性提取；图例区域已排除。
line-uct_test_a11-0016,uct_test_a11,0.5034550220228606,0.8097894149218794,0.01436484989326342,0.004753801763507148,300.0,97.5,2.0,False,visible_candidate,image_candidate,按原始 JPEG 描边目标颜色、坐标范围与局部连续性提取；图例区域已排除。
line-uct_test_a11-0017,uct_test_a11,0.5321847218093876,0.8038471627174956,0.014364849893263587,0.004753801763507148,310.0,100.0,2.0,False,visible_candidate,image_candidate,按原始 JPEG 描边目标颜色、坐标范围与局部连续性提取；图例区域已排除。
line-uct_test_a11-0018,uct_test_a11,0.5609144215959143,0.7955280096313582,0.014364849893263587,0.004753801763507148,320.0,103.5,2.0,False,visible_candidate,image_candidate,按原始 JPEG 描边目标颜色、坐标范围与局部连续性提取；图例区域已排除。
line-uct_test_a11-0019,uct_test_a11,0.5896441213824413,0.7883973069860974,0.014364849893263365,0.004753801763507148,330.0,106.5,2.0,False,visible_candidate,image_candidate,按原始 JPEG 描边目标颜色、坐标范围与局部连续性提取；图例区域已排除。
line-uct_test_a11-0020,uct_test_a11,0.618373821168968,0.7705705503729459,0.014364849893263587,0.004753801763507148,340.0,114.0,2.0,False,visible_candidate,image_candidate,按原始 JPEG 描边目标颜色、坐标范围与局部连续性提取；图例区域已排除。
line-uct_test_a11-0021,uct_test_a11,0.647103520955495,0.7646282981685619,0.014364849893263365,0.004753801763507148,350.0,116.5,2.0,False,visible_candidate,image_candidate,按原始 JPEG 描边目标颜色、坐标范围与局部连续性提取；图例区域已排除。
line-uct_test_a11-0022,uct_test_a11,0.6758332207420217,0.737293938028396,0.014364849893263587,0.004753801763507148,360.0,128.0,2.0,False,visible_candidate,image_candidate,按原始 JPEG 描边目标颜色、坐标范围与局部连续性提取；图例区域已排除。
line-uct_test_a11-0023,uct_test_a11,0.7045629205285486,0.700451974361216,0.014364849893263365,0.004753801763507037,370.0,143.5,2.0,False,visible_candidate,image_candidate,按原始 JPEG 描边目标颜色、坐标范围与局部连续性提取；图例区域已排除。
line-uct_test_a11-0024,uct_test_a11,0.7332926203150756,0.6053759390910738,0.014364849893263587,0.004753801763507148,380.0,183.5,2.0,False,visible_candidate,image_candidate,按原始 JPEG 描边目标颜色、坐标范围与局部连续性提取；图例区域已排除。
line-uct_test_a11-0025,uct_test_a11,0.7534034101656444,0.5305035613158369,0.014364849893263587,0.004753801763507148,387.0,215.0,2.0,False,visible_candidate,image_candidate,按原始 JPEG 描边目标颜色、坐标范围与局部连续性提取；图例区域已排除。
line-uct_test_a11-0026,uct_test_a11,0.797934444834761,0.2538917212017672,0.014364849893263365,0.004753801763507148,402.5,331.375,2.0,False,visible_candidate,image_candidate,按原始 JPEG 描边目标颜色、坐标范围与局部连续性提取；图例区域已排除。
line-uct_test_a11-0027,uct_test_a11,0.819481719674656,0.23576785197839634,0.014364849893263587,0.004753801763507148,410.0,339.0,2.0,False,visible_candidate,image_candidate,按原始 JPEG 描边目标颜色、坐标范围与局部连续性提取；图例区域已排除。
line-uct_test_a11-0028,uct_test_a11,0.848211419461183,0.27023291476382283,0.014364849893263365,0.004753801763507148,420.0,324.5,2.0,False,visible_candidate,image_candidate,按原始 JPEG 描边目标颜色、坐标范围与局部连续性提取；图例区域已排除。
line-uct_test_a11-0029,uct_test_a11,0.8769411192477099,0.38075880576536303,0.014364849893263587,0.004753801763507148,430.0,278.0,2.0,False,visible_candidate,image_candidate,按原始 JPEG 描边目标颜色、坐标范围与局部连续性提取；图例区域已排除。
line-uct_test_a11-0030,uct_test_a11,0.8970519090982787,0.44731203045446255,0.014364849893263587,0.004753801763507148,437.0,250.0,2.0,False,visible_candidate,image_candidate,按原始 JPEG 描边目标颜色、坐标范围与局部连续性提取；图例区域已排除。
line-uct_test_a11-0031,uct_test_a11,0.9415829437673953,0.6906472582239825,0.014364849893263365,0.004753801763507148,452.5,147.625,2.0,False,visible_candidate,image_candidate,按原始 JPEG 描边目标颜色、坐标范围与局部连续性提取；图例区域已排除。
line-uct_test_a11-0032,uct_test_a11,0.9631302186072903,0.7218440822969979,0.014364849893263587,0.004753801763507148,460.0,134.5,2.0,False,visible_candidate,image_candidate,按原始 JPEG 描边目标颜色、坐标范围与局部连续性提取；图例区域已排除。
line-uct_test_a11-0033,uct_test_a11,0.9918599183938173,0.7610629468459316,0.014364849893263365,0.004753801763507148,470.0,118.0,2.0,False,visible_candidate,image_candidate,按原始 JPEG 描边目标颜色、坐标范围与局部连续性提取；图例区域已排除。
line-uct_test_a11-0034,uct_test_a11,1.020589618180344,0.7741359016955761,0.014364849893263587,0.004753801763507037,480.0,112.5,2.0,False,visible_candidate,image_candidate,按原始 JPEG 描边目标颜色、坐标范围与局部连续性提取；图例区域已排除。
line-uct_test_a11-0035,uct_test_a11,1.049319317966871,0.7788897034590831,0.014364849893263365,0.004753801763507148,490.0,110.5,2.0,False,visible_candidate,image_candidate,按原始 JPEG 描边目标颜色、坐标范围与局部连续性提取；图例区域已排除。
line-uct_test_a11-0036,uct_test_a11,1.078049017753398,0.7967164600722348,0.014364849893263587,0.004753801763507148,500.0,103.0,2.0,False,visible_candidate,image_candidate,按原始 JPEG 描边目标颜色、坐标范围与局部连续性提取；图例区域已排除。
line-uct_test_a11-0037,uct_test_a11,1.1067787175399246,0.7955280096313582,0.014364849893263587,0.004753801763507148,510.0,103.5,2.0,False,visible_candidate,image_candidate,按原始 JPEG 描边目标颜色、坐标范围与局部连续性提取；图例区域已排除。
line-uct_test_a11-0038,uct_test_a11,1.1355084173264516,0.8002818113948652,0.014364849893263365,0.004753801763507148,520.0,101.5,2.0,False,visible_candidate,image_candidate,按原始 JPEG 描边目标颜色、坐标范围与局部连续性提取；图例区域已排除。
line-uct_test_a11-0039,uct_test_a11,1.1642381171129783,0.8181085680080169,0.014364849893263587,0.004753801763507148,530.0,94.0,2.0,False,visible_candidate,image_candidate,按原始 JPEG 描边目标颜色、坐标范围与局部连续性提取；图例区域已排除。
line-uct_test_a11-0040,uct_test_a11,1.1929678168995053,0.8181085680080169,0.014364849893263365,0.004753801763507148,540.0,94.0,2.0,False,visible_candidate,image_candidate,按原始 JPEG 描边目标颜色、坐标范围与局部连续性提取；图例区域已排除。
line-uct_test_a11-0041,uct_test_a11,1.2216975166860322,0.8192970184488937,0.014364849893263587,0.004753801763507148,550.0,93.5,2.0,False,visible_candidate,image_candidate,按原始 JPEG 描边目标颜色、坐标范围与局部连续性提取；图例区域已排除。
line-uct_test_a11-0042,uct_test_a11,1.250427216472559,0.8181085680080169,0.014364849893263587,0.004753801763507148,560.0,94.0,2.0,False,visible_candidate,image_candidate,按原始 JPEG 描边目标颜色、坐标范围与局部连续性提取；图例区域已排除。
line-uct_test_a11-0043,uct_test_a11,1.279156916259086,0.8204854688897705,0.014364849893263365,0.004753801763507148,570.0,93.0,2.0,False,visible_candidate,image_candidate,按原始 JPEG 描边目标颜色、坐标范围与局部连续性提取；图例区域已排除。
line-uct_test_a11-0044,uct_test_a11,1.3078866160456126,0.8181085680080169,0.014364849893263587,0.004753801763507148,580.0,94.0,2.0,False,visible_candidate,image_candidate,按原始 JPEG 描边目标颜色、坐标范围与局部连续性提取；图例区域已排除。
line-uct_test_a11-0045,uct_test_a11,1.3366163158321396,0.8299930724167847,0.014364849893263365,0.004753801763507148,590.0,89.0,2.0,False,visible_candidate,image_candidate,按原始 JPEG 描边目标颜色、坐标范围与局部连续性提取；图例区域已排除。
line-uct_test_a11-0046,uct_test_a11,1.3653460156186665,0.8276161715350311,0.014364849893263587,0.004753801763507148,600.0,90.0,2.0,False,visible_candidate,image_candidate,按原始 JPEG 描边目标颜色、坐标范围与局部连续性提取；图例区域已排除。
line-uct_test_a11-0047,uct_test_a11,1.3940757154051933,0.8252392706532775,0.014364849893263587,0.004753801763507148,610.0,91.0,2.0,False,visible_candidate,image_candidate,按原始 JPEG 描边目标颜色、坐标范围与局部连续性提取；图例区域已排除。
line-uct_test_a11-0048,uct_test_a11,1.4228054151917202,0.8169201175671401,0.014364849893263365,0.004753801763507148,620.0,94.5,2.0,False,visible_candidate,image_candidate,按原始 JPEG 描边目标颜色、坐标范围与局部连续性提取；图例区域已排除。
line-uct_test_a11-0049,uct_test_a11,1.451535114978247,0.801470261835742,0.014364849893263587,0.004753801763507148,630.0,101.0,2.0,False,visible_candidate,image_candidate,按原始 JPEG 描边目标颜色、坐标范围与局部连续性提取；图例区域已排除。
line-uct_test_a11-0050,uct_test_a11,1.480264814764774,0.7705705503729459,0.014364849893263365,0.004753801763507148,640.0,114.0,2.0,False,visible_candidate,image_candidate,按原始 JPEG 描边目标颜色、坐标范围与局部连续性提取；图例区域已排除。
line-uct_test_a11-0051,uct_test_a11,1.5046850595833217,0.7613600594561507,0.014364849893263587,0.004753801763507148,648.5,117.875,2.0,False,visible_candidate,image_candidate,按原始 JPEG 描边目标颜色、坐标范围与局部连续性提取；图例区域已排除。
line-uct_test_a11-0052,uct_test_a11,1.5678903991136808,0.7622513972868084,0.014364849893263587,0.004753801763507148,670.5,117.5,2.0,True,visible_candidate,image_candidate,按原始 JPEG 描边目标颜色、坐标范围与局部连续性提取；图例区域已排除。
line-uct_test_a22-0001,uct_test_a22,0.04665279541708356,0.1953605369885859,0.01436484989326342,0.004753801763507148,141.0,356.0,2.0,True,visible_candidate,image_candidate,按原始 JPEG 描边目标颜色、坐标范围与局部连续性提取；图例区域已排除。
line-uct_test_a22-0002,uct_test_a22,0.07250952522495774,0.18109913169806457,0.014364849893263476,0.004753801763507148,150.0,362.0,2.0,False,visible_candidate,image_candidate,按原始 JPEG 描边目标颜色、坐标范围与局部连续性提取；图例区域已排除。
line-uct_test_a22-0003,uct_test_a22,0.10123922501148458,0.1953605369885859,0.01436484989326342,0.004753801763507148,160.0,356.0,2.0,False,visible_candidate,image_candidate,按原始 JPEG 描边目标颜色、坐标范围与局部连续性提取；图例区域已排除。
line-uct_test_a22-0004,uct_test_a22,0.12996892479801142,0.20011433875209295,0.014364849893263476,0.004753801763507148,170.0,354.0,2.0,False,visible_candidate,image_candidate,按原始 JPEG 描边目标颜色、坐标范围与局部连续性提取；图例区域已排除。
line-uct_test_a22-0005,uct_test_a22,0.15869862458453826,0.16564927596666645,0.014364849893263476,0.004753801763507148,180.0,368.5,2.0,False,visible_candidate,image_candidate,按原始 JPEG 描边目标颜色、坐标范围与局部连续性提取；图例区域已排除。
line-uct_test_a22-0006,uct_test_a22,0.1874283243710652,0.14069181670825415,0.014364849893263476,0.004753801763507148,190.0,379.0,2.0,False,visible_candidate,image_candidate,按原始 JPEG 描边目标颜色、坐标范围与局部连续性提取；图例区域已排除。
line-uct_test_a22-0007,uct_test_a22,0.21615802415759205,0.12999576274036317,0.014364849893263476,0.004753801763507148,200.0,383.5,2.0,False,visible_candidate,image_candidate,按原始 JPEG 描边目标颜色、坐标范围与局部连续性提取；图例区域已排除。
line-uct_test_a22-0008,uct_test_a22,0.2448877239441189,0.12167660965422578,0.014364849893263476,0.004753801763507148,210.0,387.0,2.0,False,visible_candidate,image_candidate,按原始 JPEG 描边目标颜色、坐标范围与局部连续性提取；图例区域已排除。
line-uct_test_a22-0009,uct_test_a22,0.27361742373064574,0.13118421318123996,0.014364849893263476,0.004753801763507148,220.0,383.0,2.0,False,visible_candidate,image_candidate,按原始 JPEG 描边目标颜色、坐标范围与局部连续性提取；图例区域已排除。
line-uct_test_a22-0010,uct_test_a22,0.3023471235171726,0.1288073122994864,0.014364849893263476,0.004753801763507148,230.0,384.0,2.0,False,visible_candidate,image_candidate,按原始 JPEG 描边目标颜色、坐标范围与局部连续性提取；图例区域已排除。
line-uct_test_a22-0011,uct_test_a22,0.3310768233036994,0.1264304114177328,0.014364849893263476,0.004753801763507148,240.0,385.0,2.0,False,visible_candidate,image_candidate,按原始 JPEG 描边目标颜色、坐标范围与局部连续性提取；图例区域已排除。
line-uct_test_a22-0012,uct_test_a22,0.35980652309022637,0.12167660965422578,0.014364849893263476,0.004753801763507148,250.0,387.0,2.0,False,visible_candidate,image_candidate,按原始 JPEG 描边目标颜色、坐标范围与局部连续性提取；图例区域已排除。
line-uct_test_a22-0013,uct_test_a22,0.3885362228767532,0.11335745656808827,0.014364849893263476,0.004753801763507148,260.0,390.5,2.0,False,visible_candidate,image_candidate,按原始 JPEG 描边目标颜色、坐标范围与局部连续性提取；图例区域已排除。
line-uct_test_a22-0014,uct_test_a22,0.41726592266328005,0.11692280789071863,0.014364849893263476,0.004753801763507148,270.0,389.0,2.0,False,visible_candidate,image_candidate,按原始 JPEG 描边目标颜色、坐标范围与局部连续性提取；图例区域已排除。
line-uct_test_a22-0015,uct_test_a22,0.4459956224498069,0.11454590700896505,0.014364849893263476,0.004753801763507148,280.0,390.0,2.0,False,visible_candidate,image_candidate,按原始 JPEG 描边目标颜色、坐标范围与局部连续性提取；图例区域已排除。
line-uct_test_a22-0016,uct_test_a22,0.47472532223633374,0.12405351053597924,0.014364849893263476,0.004753801763507148,290.0,386.0,2.0,False,visible_candidate,image_candidate,按原始 JPEG 描边目标颜色、坐标范围与局部连续性提取；图例区域已排除。
line-uct_test_a22-0017,uct_test_a22,0.5034550220228606,0.13237266362211675,0.01436484989326342,0.004753801763507148,300.0,382.5,2.0,False,visible_candidate,image_candidate,按原始 JPEG 描边目标颜色、坐标范围与局部连续性提取；图例区域已排除。
line-uct_test_a22-0018,uct_test_a22,0.5336212067987138,0.13356111406299354,0.014364849893263365,0.004753801763507148,310.5,382.0,2.0,False,visible_candidate,image_candidate,按原始 JPEG 描边目标颜色、坐标范围与局部连续性提取；图例区域已排除。
line-uct_test_a22-0019,uct_test_a22,0.5609144215959143,0.13831491582650057,0.014364849893263587,0.004753801763507148,320.0,380.0,2.0,False,visible_candidate,image_candidate,按原始 JPEG 描边目标颜色、坐标范围与局部连续性提取；图例区域已排除。
line-uct_test_a22-0020,uct_test_a22,0.5896441213824413,0.1454456184717613,0.014364849893263365,0.004753801763507148,330.0,377.0,2.0,False,visible_candidate,image_candidate,按原始 JPEG 描边目标颜色、坐标范围与局部连续性提取；图例区域已排除。
line-uct_test_a22-0021,uct_test_a22,0.618373821168968,0.15970702376228263,0.014364849893263587,0.004753801763507148,340.0,371.0,2.0,False,visible_candidate,image_candidate,按原始 JPEG 描边目标颜色、坐标范围与局部连续性提取；图例区域已排除。
line-uct_test_a22-0022,uct_test_a22,0.647103520955495,0.16921462728929682,0.014364849893263365,0.004753801763507148,350.0,367.0,2.0,False,visible_candidate,image_candidate,按原始 JPEG 描边目标颜色、坐标范围与局部连续性提取；图例区域已排除。
line-uct_test_a22-0023,uct_test_a22,0.6758332207420217,0.19773743787033948,0.014364849893263587,0.004753801763507148,360.0,355.0,2.0,False,visible_candidate,image_candidate,按原始 JPEG 描边目标颜色、坐标范围与局部连续性提取；图例区域已排除。
line-uct_test_a22-0024,uct_test_a22,0.7045629205285486,0.2310140502148892,0.014364849893263365,0.004753801763507148,370.0,341.0,2.0,False,visible_candidate,image_candidate,按原始 JPEG 描边目标颜色、坐标范围与局部连续性提取；图例区域已排除。
line-uct_test_a22-0025,uct_test_a22,0.7332926203150756,0.3474821934208133,0.014364849893263587,0.004753801763507148,380.0,292.0,2.0,False,visible_candidate,image_candidate,按原始 JPEG 描边目标颜色、坐标范围与局部连续性提取；图例区域已排除。
line-uct_test_a22-0026,uct_test_a22,0.7620223201016023,0.5257497595523298,0.014364849893263365,0.004753801763507148,390.0,217.0,2.0,False,visible_candidate,image_candidate,按原始 JPEG 描边目标颜色、坐标范围与局部连续性提取；图例区域已排除。
line-uct_test_a22-0027,uct_test_a22,0.7907520198881293,0.6184488939407184,0.014364849893263587,0.004753801763507148,400.0,178.0,2.0,False,visible_candidate,image_candidate,按原始 JPEG 描边目标颜色、坐标范围与局部连续性提取；图例区域已排除。
line-uct_test_a22-0028,uct_test_a22,0.819481719674656,0.6790598664254339,0.014364849893263587,0.004753801763507148,410.0,152.5,2.0,False,visible_candidate,image_candidate,按原始 JPEG 描边目标颜色、坐标范围与局部连续性提取；图例区域已排除。
line-uct_test_a22-0029,uct_test_a22,0.848211419461183,0.6338987496721165,0.014364849893263365,0.004753801763507148,420.0,171.5,2.0,False,visible_candidate,image_candidate,按原始 JPEG 描边目标颜色、坐标范围与局部连续性提取；图例区域已排除。
line-uct_test_a22-0030,uct_test_a22,0.8769411192477099,0.5732877771874009,0.014364849893263587,0.004753801763507037,430.0,197.0,2.0,False,visible_candidate,image_candidate,按原始 JPEG 描边目标颜色、坐标范围与局部连续性提取；图例区域已排除。
line-uct_test_a22-0031,uct_test_a22,0.9056708190342366,0.42235457119605024,0.014364849893263365,0.004753801763507148,440.0,260.5,2.0,False,visible_candidate,image_candidate,按原始 JPEG 描边目标颜色、坐标范围与局部连续性提取；图例区域已排除。
line-uct_test_a22-0032,uct_test_a22,0.9344005188207636,0.2880596713769744,0.014364849893263587,0.004753801763507148,450.0,317.0,2.0,False,visible_candidate,image_candidate,按原始 JPEG 描边目标颜色、坐标范围与局部连续性提取；图例区域已排除。
line-uct_test_a22-0033,uct_test_a22,0.9631302186072903,0.2119988431608607,0.014364849893263587,0.004753801763507148,460.0,349.0,2.0,False,visible_candidate,image_candidate,按原始 JPEG 描边目标颜色、坐标范围与局部连续性提取；图例区域已排除。
line-uct_test_a22-0034,uct_test_a22,0.9918599183938173,0.16921462728929682,0.014364849893263365,0.004753801763507148,470.0,367.0,2.0,False,visible_candidate,image_candidate,按原始 JPEG 描边目标颜色、坐标范围与局部连续性提取；图例区域已排除。
line-uct_test_a22-0035,uct_test_a22,1.020589618180344,0.15970702376228263,0.014364849893263587,0.004753801763507148,480.0,371.0,2.0,False,visible_candidate,image_candidate,按原始 JPEG 描边目标颜色、坐标范围与局部连续性提取；图例区域已排除。
line-uct_test_a22-0036,uct_test_a22,1.049319317966871,0.14306871759000772,0.014364849893263365,0.004753801763507148,490.0,378.0,2.0,False,visible_candidate,image_candidate,按原始 JPEG 描边目标颜色、坐标范围与局部连续性提取；图例区域已排除。
line-uct_test_a22-0037,uct_test_a22,1.078049017753398,0.135938014944747,0.014364849893263587,0.004753801763507148,500.0,381.0,2.0,False,visible_candidate,image_candidate,按原始 JPEG 描边目标颜色、坐标范围与局部连续性提取；图例区域已排除。
line-uct_test_a22-0038,uct_test_a22,1.1067787175399246,0.1264304114177328,0.014364849893263587,0.004753801763507148,510.0,385.0,2.0,False,visible_candidate,image_candidate,按原始 JPEG 描边目标颜色、坐标范围与局部连续性提取；图例区域已排除。
line-uct_test_a22-0039,uct_test_a22,1.1297624773691461,0.12405351053597924,0.014364849893263365,0.004753801763507148,518.0,386.0,2.0,False,visible_candidate,image_candidate,按原始 JPEG 描边目标颜色、坐标范围与局部连续性提取；图例区域已排除。
line-uct_test_a22-0040,uct_test_a22,1.167111087091631,0.10503830348195087,0.014364849893263587,0.004753801763507148,531.0,394.0,2.0,False,visible_candidate,image_candidate,按原始 JPEG 描边目标颜色、坐标范围与局部连续性提取；图例区域已排除。
line-uct_test_a22-0041,uct_test_a22,1.1929678168995053,0.10503830348195087,0.014364849893263365,0.004753801763507148,540.0,394.0,2.0,False,visible_candidate,image_candidate,按原始 JPEG 描边目标颜色、坐标范围与局部连续性提取；图例区域已排除。
line-uct_test_a22-0042,uct_test_a22,1.2216975166860322,0.10503830348195087,0.014364849893263587,0.004753801763507148,550.0,394.0,2.0,False,visible_candidate,image_candidate,按原始 JPEG 描边目标颜色、坐标范围与局部连续性提取；图例区域已排除。
line-uct_test_a22-0043,uct_test_a22,1.250427216472559,0.10503830348195087,0.014364849893263587,0.004753801763507148,560.0,394.0,2.0,False,visible_candidate,image_candidate,按原始 JPEG 描边目标颜色、坐标范围与局部连续性提取；图例区域已排除。
line-uct_test_a22-0044,uct_test_a22,1.279156916259086,0.10503830348195087,0.014364849893263365,0.004753801763507148,570.0,394.0,2.0,False,visible_candidate,image_candidate,按原始 JPEG 描边目标颜色、坐标范围与局部连续性提取；图例区域已排除。
line-uct_test_a22-0045,uct_test_a22,1.3064501310562864,0.10503830348195087,0.014364849893263365,0.004753801763507148,579.5,394.0,2.0,False,visible_candidate,image_candidate,按原始 JPEG 描边目标颜色、坐标范围与局部连续性提取；图例区域已排除。
line-uct_test_a22-0046,uct_test_a22,1.3366163158321396,0.10979210524545802,0.014364849893263365,0.004753801763507148,590.0,392.0,2.0,False,visible_candidate,image_candidate,按原始 JPEG 描边目标颜色、坐标范围与局部连续性提取；图例区域已排除。
line-uct_test_a22-0047,uct_test_a22,1.3653460156186665,0.11098055568633469,0.014364849893263587,0.004753801763507148,600.0,391.5,2.0,False,visible_candidate,image_candidate,按原始 JPEG 描边目标颜色、坐标范围与局部连续性提取；图例区域已排除。
line-uct_test_a22-0048,uct_test_a22,1.3940757154051933,0.10503830348195087,0.014364849893263587,0.004753801763507148,610.0,394.0,2.0,False,visible_candidate,image_candidate,按原始 JPEG 描边目标颜色、坐标范围与局部连续性提取；图例区域已排除。
line-uct_test_a22-0049,uct_test_a22,1.4228054151917202,0.10979210524545802,0.014364849893263365,0.004753801763507148,620.0,392.0,2.0,False,visible_candidate,image_candidate,按原始 JPEG 描边目标颜色、坐标范围与局部连续性提取；图例区域已排除。
line-uct_test_a22-0050,uct_test_a22,1.447225660010268,0.10949499263523876,0.014364849893263365,0.004753801763507148,628.5,392.125,2.0,False,visible_candidate,image_candidate,按原始 JPEG 描边目标颜色、坐标范围与局部连续性提取；图例区域已排除。
line-uct_test_a33-0001,uct_test_a33,0.0753824952036104,0.062254087610386866,0.008618909935958041,0.004753801763507148,151.0,412.0,2.0,True,visible_candidate,image_candidate,黑色可见虚线段；移除 simulation_a33 连续标记线邻域后提取。 相邻短划像素间隔不超过 28px 时，按虚线样式空白归入同一数据段；更大空白仍保留为缺失区。
line-uct_test_a33-0002,uct_test_a33,0.08974734509687382,0.06463098849214044,0.008618909935958097,0.004753801763507148,156.0,411.0,2.0,False,visible_candidate,image_candidate,黑色可见虚线段；移除 simulation_a33 连续标记线邻域后提取。 相邻短划像素间隔不超过 28px 时，按虚线样式空白归入同一数据段；更大空白仍保留为缺失区。
line-uct_test_a33-0003,uct_test_a33,0.10698516496878996,0.06700788937389401,0.008618909935958041,0.004753801763507148,162.0,410.0,2.0,False,visible_candidate,image_candidate,黑色可见虚线段；移除 simulation_a33 连续标记线邻域后提取。 相邻短划像素间隔不超过 28px 时，按虚线样式空白归入同一数据段；更大空白仍保留为缺失区。
line-uct_test_a33-0004,uct_test_a33,0.1357148647553168,0.06938479025564759,0.008618909935958097,0.004753801763507148,172.0,409.0,2.0,False,visible_candidate,image_candidate,黑色可见虚线段；移除 simulation_a33 连续标记线邻域后提取。 相邻短划像素间隔不超过 28px 时，按虚线样式空白归入同一数据段；更大空白仍保留为缺失区。
line-uct_test_a33-0005,uct_test_a33,0.15007971464858022,0.06581943893301723,0.008618909935958041,0.004753801763507148,177.0,410.5,2.0,False,visible_candidate,image_candidate,黑色可见虚线段；移除 simulation_a33 连续标记线邻域后提取。 相邻短划像素间隔不超过 28px 时，按虚线样式空白归入同一数据段；更大空白仍保留为缺失区。
line-uct_test_a33-0006,uct_test_a33,0.1673175345204964,0.06463098849214044,0.008618909935958152,0.004753801763507148,183.0,411.0,2.0,False,visible_candidate,image_candidate,黑色可见虚线段；移除 simulation_a33 连续标记线邻域后提取。 相邻短划像素间隔不超过 28px 时，按虚线样式空白归入同一数据段；更大空白仍保留为缺失区。
line-uct_test_a33-0007,uct_test_a33,0.19317426432837054,0.05631183540600304,0.008618909935958041,0.004753801763507148,192.0,414.5,2.0,False,visible_candidate,image_candidate,黑色可见虚线段；移除 simulation_a33 连续标记线邻域后提取。 相邻短划像素间隔不超过 28px 时，按虚线样式空白归入同一数据段；更大空白仍保留为缺失区。
line-uct_test_a33-0008,uct_test_a33,0.207539114221634,0.05750028584687983,0.008618909935958152,0.004753801763507148,197.0,414.0,2.0,False,visible_candidate,image_candidate,黑色可见虚线段；移除 simulation_a33 连续标记线邻域后提取。 相邻短划像素间隔不超过 28px 时，按虚线样式空白归入同一数据段；更大空白仍保留为缺失区。
line-uct_test_a33-0009,uct_test_a33,0.2247769340935501,0.05750028584687983,0.008618909935958041,0.004753801763507148,203.0,414.0,2.0,False,visible_candidate,image_candidate,黑色可见虚线段；移除 simulation_a33 连续标记线邻域后提取。 相邻短划像素间隔不超过 28px 时，按虚线样式空白归入同一数据段；更大空白仍保留为缺失区。
line-uct_test_a33-0010,uct_test_a33,0.25637960385872965,0.058688736287756615,0.008618909935958041,0.004753801763507148,214.0,413.5,2.0,False,visible_candidate,image_candidate,黑色可见虚线段；移除 simulation_a33 连续标记线邻域后提取。 相邻短划像素间隔不超过 28px 时，按虚线样式空白归入同一数据段；更大空白仍保留为缺失区。
line-uct_test_a33-0011,uct_test_a33,0.270744453751993,0.05987718672863329,0.008618909935958152,0.004753801763507148,219.0,413.0,2.0,False,visible_candidate,image_candidate,黑色可见虚线段；移除 simulation_a33 连续标记线邻域后提取。 相邻短划像素间隔不超过 28px 时，按虚线样式空白归入同一数据段；更大空白仍保留为缺失区。
line-uct_test_a33-0012,uct_test_a33,0.2879822736239092,0.06106563716951008,0.008618909935958041,0.004753801763507148,225.0,412.5,2.0,False,visible_candidate,image_candidate,黑色可见虚线段；移除 simulation_a33 连续标记线邻域后提取。 相邻短划像素间隔不超过 28px 时，按虚线样式空白归入同一数据段；更大空白仍保留为缺失区。
line-uct_test_a33-0013,uct_test_a33,0.31671197341043605,0.062254087610386866,0.008618909935958041,0.004753801763507148,235.0,412.0,2.0,False,visible_candidate,image_candidate,黑色可见虚线段；移除 simulation_a33 连续标记线邻域后提取。 相邻短划像素间隔不超过 28px 时，按虚线样式空白归入同一数据段；更大空白仍保留为缺失区。
line-uct_test_a33-0014,uct_test_a33,0.3310768233036994,0.06106563716951008,0.008618909935958152,0.004753801763507148,240.0,412.5,2.0,False,visible_candidate,image_candidate,黑色可见虚线段；移除 simulation_a33 连续标记线邻域后提取。 相邻短划像素间隔不超过 28px 时，按虚线样式空白归入同一数据段；更大空白仍保留为缺失区。
line-uct_test_a33-0015,uct_test_a33,0.3483146431756156,0.06106563716951008,0.008618909935958041,0.004753801763507148,246.0,412.5,2.0,False,visible_candidate,image_candidate,黑色可见虚线段；移除 simulation_a33 连续标记线邻域后提取。 相邻短划像素间隔不超过 28px 时，按虚线样式空白归入同一数据段；更大空白仍保留为缺失区。
line-uct_test_a33-0016,uct_test_a33,0.37991731294079517,0.06284831283082526,0.008618909935958041,0.004753801763507148,257.0,411.75,2.0,False,visible_candidate,image_candidate,黑色可见虚线段；移除 simulation_a33 连续标记线邻域后提取。 相邻短划像素间隔不超过 28px 时，按虚线样式空白归入同一数据段；更大空白仍保留为缺失区。
line-uct_test_a33-0017,uct_test_a33,0.39428216283405854,0.06463098849214044,0.008618909935958041,0.004753801763507148,262.0,411.0,2.0,False,visible_candidate,image_candidate,黑色可见虚线段；移除 simulation_a33 连续标记线邻域后提取。 相邻短划像素间隔不超过 28px 时，按虚线样式空白归入同一数据段；更大空白仍保留为缺失区。
line-uct_test_a33-0018,uct_test_a33,0.41151998270597473,0.06700788937389401,0.008618909935958152,0.004753801763507148,268.0,410.0,2.0,False,visible_candidate,image_candidate,黑色可见虚线段；移除 simulation_a33 连续标记线邻域后提取。 相邻短划像素间隔不超过 28px 时，按虚线样式空白归入同一数据段；更大空白仍保留为缺失区。
line-uct_test_a33-0019,uct_test_a33,0.44024968249250157,0.06581943893301723,0.008618909935958041,0.004753801763507148,278.0,410.5,2.0,False,visible_candidate,image_candidate,黑色可见虚线段；移除 simulation_a33 连续标记线邻域后提取。 相邻短划像素间隔不超过 28px 时，按虚线样式空白归入同一数据段；更大空白仍保留为缺失区。
line-uct_test_a33-0020,uct_test_a33,0.45461453238576494,0.06463098849214044,0.008618909935958152,0.004753801763507148,283.0,411.0,2.0,False,visible_candidate,image_candidate,黑色可见虚线段；移除 simulation_a33 连续标记线邻域后提取。 相邻短划像素间隔不超过 28px 时，按虚线样式空白归入同一数据段；更大空白仍保留为缺失区。
line-uct_test_a33-0021,uct_test_a33,0.47185235225768113,0.06463098849214044,0.008618909935958041,0.004753801763507148,289.0,411.0,2.0,False,visible_candidate,image_candidate,黑色可见虚线段；移除 simulation_a33 连续标记线邻域后提取。 相邻短划像素间隔不超过 28px 时，按虚线样式空白归入同一数据段；更大空白仍保留为缺失区。
line-uct_test_a33-0022,uct_test_a33,0.5005820520442079,0.06700788937389401,0.008618909935958152,0.004753801763507148,299.0,410.0,2.0,False,visible_candidate,image_candidate,黑色可见虚线段；移除 simulation_a33 连续标记线邻域后提取。 相邻短划像素间隔不超过 28px 时，按虚线样式空白归入同一数据段；更大空白仍保留为缺失区。
line-uct_test_a33-0023,uct_test_a33,0.5149469019374713,0.06700788937389401,0.008618909935958152,0.004753801763507148,304.0,410.0,2.0,False,visible_candidate,image_candidate,黑色可见虚线段；移除 simulation_a33 连续标记线邻域后提取。 相邻短划像素间隔不超过 28px 时，按虚线样式空白归入同一数据段；更大空白仍保留为缺失区。
line-uct_test_a33-0024,uct_test_a33,0.5321847218093876,0.06700788937389401,0.008618909935958152,0.004753801763507148,310.0,410.0,2.0,False,visible_candidate,image_candidate,黑色可见虚线段；移除 simulation_a33 连续标记线邻域后提取。 相邻短划像素间隔不超过 28px 时，按虚线样式空白归入同一数据段；更大空白仍保留为缺失区。
line-uct_test_a33-0025,uct_test_a33,0.5609144215959143,0.06938479025564759,0.008618909935958152,0.004753801763507148,320.0,409.0,2.0,False,visible_candidate,image_candidate,黑色可见虚线段；移除 simulation_a33 连续标记线邻域后提取。 相邻短划像素间隔不超过 28px 时，按虚线样式空白归入同一数据段；更大空白仍保留为缺失区。
line-uct_test_a33-0026,uct_test_a33,0.5752792714891779,0.06938479025564759,0.008618909935958152,0.004753801763507148,325.0,409.0,2.0,False,visible_candidate,image_candidate,黑色可见虚线段；移除 simulation_a33 连续标记线邻域后提取。 相邻短划像素间隔不超过 28px 时，按虚线样式空白归入同一数据段；更大空白仍保留为缺失区。
line-uct_test_a33-0027,uct_test_a33,0.592517091361094,0.07057324069652438,0.008618909935958152,0.004753801763507148,331.0,408.5,2.0,False,visible_candidate,image_candidate,黑色可见虚线段；移除 simulation_a33 连续标记线邻域后提取。 相邻短划像素间隔不超过 28px 时，按虚线样式空白归入同一数据段；更大空白仍保留为缺失区。
line-uct_test_a33-0028,uct_test_a33,0.6241197611262734,0.07235591635783944,0.008618909935958152,0.004753801763507148,342.0,407.75,2.0,False,visible_candidate,image_candidate,黑色可见虚线段；移除 simulation_a33 连续标记线邻域后提取。 相邻短划像素间隔不超过 28px 时，按虚线样式空白归入同一数据段；更大空白仍保留为缺失区。
line-uct_test_a33-0029,uct_test_a33,0.6384846110195368,0.07295014157827784,0.008618909935958152,0.004753801763507148,347.0,407.5,2.0,False,visible_candidate,image_candidate,黑色可见虚线段；移除 simulation_a33 连续标记线邻域后提取。 相邻短划像素间隔不超过 28px 时，按虚线样式空白归入同一数据段；更大空白仍保留为缺失区。
line-uct_test_a33-0030,uct_test_a33,0.6557224308914529,0.07413859201915463,0.008618909935958152,0.004753801763507148,353.0,407.0,2.0,False,visible_candidate,image_candidate,黑色可见虚线段；移除 simulation_a33 连续标记线邻域后提取。 相邻短划像素间隔不超过 28px 时，按虚线样式空白归入同一数据段；更大空白仍保留为缺失区。
line-uct_test_a33-0031,uct_test_a33,0.6844521306779798,0.07829816856222338,0.008618909935958152,0.004753801763507148,363.0,405.25,2.0,False,visible_candidate,image_candidate,黑色可见虚线段；移除 simulation_a33 连续标记线邻域后提取。 相邻短划像素间隔不超过 28px 时，按虚线样式空白归入同一数据段；更大空白仍保留为缺失区。
line-uct_test_a33-0032,uct_test_a33,0.6988169805712432,0.07889239378266177,0.008618909935958152,0.004753801763507148,368.0,405.0,2.0,False,visible_candidate,image_candidate,黑色可见虚线段；移除 simulation_a33 连续标记线邻域后提取。 相邻短划像素间隔不超过 28px 时，按虚线样式空白归入同一数据段；更大空白仍保留为缺失区。
line-uct_test_a33-0033,uct_test_a33,0.7160548004431593,0.08008084422353856,0.008618909935958152,0.004753801763507148,374.0,404.5,2.0,False,visible_candidate,image_candidate,黑色可见虚线段；移除 simulation_a33 连续标记线邻域后提取。 相邻短划像素间隔不超过 28px 时，按虚线样式空白归入同一数据段；更大空白仍保留为缺失区。
line-uct_test_a33-0034,uct_test_a33,0.7447845002296862,0.08839999730967596,0.008618909935958152,0.004753801763507148,384.0,401.0,2.0,False,visible_candidate,image_candidate,黑色可见虚线段；移除 simulation_a33 连续标记线邻域后提取。 相邻短划像素间隔不超过 28px 时，按虚线样式空白归入同一数据段；更大空白仍保留为缺失区。
line-uct_test_a33-0035,uct_test_a33,0.7591493501229496,0.08839999730967596,0.008618909935958152,0.004753801763507148,389.0,401.0,2.0,False,visible_candidate,image_candidate,黑色可见虚线段；移除 simulation_a33 连续标记线邻域后提取。 相邻短划像素间隔不超过 28px 时，按虚线样式空白归入同一数据段；更大空白仍保留为缺失区。
line-uct_test_a33-0036,uct_test_a33,0.7763871699948657,0.08602309642792239,0.008618909935958152,0.004753801763507148,395.0,402.0,2.0,False,visible_candidate,image_candidate,黑色可见虚线段；移除 simulation_a33 连续标记线邻域后提取。 相邻短划像素间隔不超过 28px 时，按虚线样式空白归入同一数据段；更大空白仍保留为缺失区。
line-uct_test_a33-0037,uct_test_a33,0.8051168697813926,0.08067506944397695,0.008618909935958152,0.004753801763507148,405.0,404.25,2.0,False,visible_candidate,image_candidate,黑色可见虚线段；移除 simulation_a33 连续标记线邻域后提取。 相邻短划像素间隔不超过 28px 时，按虚线样式空白归入同一数据段；更大空白仍保留为缺失区。
line-uct_test_a33-0038,uct_test_a33,0.819481719674656,0.07889239378266177,0.008618909935958152,0.004753801763507148,410.0,405.0,2.0,False,visible_candidate,image_candidate,黑色可见虚线段；移除 simulation_a33 连续标记线邻域后提取。 相邻短划像素间隔不超过 28px 时，按虚线样式空白归入同一数据段；更大空白仍保留为缺失区。
line-uct_test_a33-0039,uct_test_a33,0.8367195395465723,0.07770394334178499,0.008618909935958152,0.004753801763507148,416.0,405.5,2.0,False,visible_candidate,image_candidate,黑色可见虚线段；移除 simulation_a33 连续标记线邻域后提取。 相邻短划像素间隔不超过 28px 时，按虚线样式空白归入同一数据段；更大空白仍保留为缺失区。
line-uct_test_a33-0040,uct_test_a33,0.865449239333099,0.07889239378266177,0.008618909935958152,0.004753801763507148,426.0,405.0,2.0,False,visible_candidate,image_candidate,黑色可见虚线段；移除 simulation_a33 连续标记线邻域后提取。 相邻短划像素间隔不超过 28px 时，按虚线样式空白归入同一数据段；更大空白仍保留为缺失区。
line-uct_test_a33-0041,uct_test_a33,0.8798140892263624,0.08126929466441535,0.008618909935958152,0.004753801763507148,431.0,404.0,2.0,False,visible_candidate,image_candidate,黑色可见虚线段；移除 simulation_a33 连续标记线邻域后提取。 相邻短划像素间隔不超过 28px 时，按虚线样式空白归入同一数据段；更大空白仍保留为缺失区。
line-uct_test_a33-0042,uct_test_a33,0.8970519090982787,0.08126929466441535,0.008618909935958152,0.004753801763507148,437.0,404.0,2.0,False,visible_candidate,image_candidate,黑色可见虚线段；移除 simulation_a33 连续标记线邻域后提取。 相邻短划像素间隔不超过 28px 时，按虚线样式空白归入同一数据段；更大空白仍保留为缺失区。
line-uct_test_a33-0043,uct_test_a33,0.9257816088848054,0.08008084422353856,0.008618909935958152,0.004753801763507148,447.0,404.5,2.0,False,visible_candidate,image_candidate,黑色可见虚线段；移除 simulation_a33 连续标记线邻域后提取。 相邻短划像素间隔不超过 28px 时，按虚线样式空白归入同一数据段；更大空白仍保留为缺失区。
line-uct_test_a33-0044,uct_test_a33,0.9401464587780688,0.07889239378266177,0.008618909935958152,0.004753801763507148,452.0,405.0,2.0,False,visible_candidate,image_candidate,黑色可见虚线段；移除 simulation_a33 连续标记线邻域后提取。 相邻短划像素间隔不超过 28px 时，按虚线样式空白归入同一数据段；更大空白仍保留为缺失区。
line-uct_test_a33-0045,uct_test_a33,0.9573842786499851,0.08008084422353856,0.008618909935958152,0.004753801763507148,458.0,404.5,2.0,False,visible_candidate,image_candidate,黑色可见虚线段；移除 simulation_a33 连续标记线邻域后提取。 相邻短划像素间隔不超过 28px 时，按虚线样式空白归入同一数据段；更大空白仍保留为缺失区。
line-uct_test_a33-0046,uct_test_a33,0.9889869484151645,0.0765154929009082,0.008618909935958152,0.004753801763507148,469.0,406.0,2.0,False,visible_candidate,image_candidate,黑色可见虚线段；移除 simulation_a33 连续标记线邻域后提取。 相邻短划像素间隔不超过 28px 时，按虚线样式空白归入同一数据段；更大空白仍保留为缺失区。
line-uct_test_a33-0047,uct_test_a33,1.003351798308428,0.0765154929009082,0.008618909935958152,0.004753801763507148,474.0,406.0,2.0,False,visible_candidate,image_candidate,黑色可见虚线段；移除 simulation_a33 连续标记线邻域后提取。 相邻短划像素间隔不超过 28px 时，按虚线样式空白归入同一数据段；更大空白仍保留为缺失区。
line-uct_test_a33-0048,uct_test_a33,1.020589618180344,0.07532704246003141,0.008618909935958152,0.004753801763507148,480.0,406.5,2.0,False,visible_candidate,image_candidate,黑色可见虚线段；移除 simulation_a33 连续标记线邻域后提取。 相邻短划像素间隔不超过 28px 时，按虚线样式空白归入同一数据段；更大空白仍保留为缺失区。
line-uct_test_a33-0049,uct_test_a33,1.049319317966871,0.07532704246003141,0.008618909935958152,0.004753801763507148,490.0,406.5,2.0,False,visible_candidate,image_candidate,黑色可见虚线段；移除 simulation_a33 连续标记线邻域后提取。 相邻短划像素间隔不超过 28px 时，按虚线样式空白归入同一数据段；更大空白仍保留为缺失区。
line-uct_test_a33-0050,uct_test_a33,1.0636841678601343,0.07176169113740105,0.008618909935958152,0.004753801763507148,495.0,408.0,2.0,False,visible_candidate,image_candidate,黑色可见虚线段；移除 simulation_a33 连续标记线邻域后提取。 相邻短划像素间隔不超过 28px 时，按虚线样式空白归入同一数据段；更大空白仍保留为缺失区。
line-uct_test_a33-0051,uct_test_a33,1.0809219877320506,0.07176169113740105,0.008618909935958152,0.004753801763507148,501.0,408.0,2.0,False,visible_candidate,image_candidate,黑色可见虚线段；移除 simulation_a33 连续标记线邻域后提取。 相邻短划像素间隔不超过 28px 时，按虚线样式空白归入同一数据段；更大空白仍保留为缺失区。
line-uct_test_a33-0052,uct_test_a33,1.1096516875185773,0.07176169113740105,0.008618909935958152,0.004753801763507148,511.0,408.0,2.0,False,visible_candidate,image_candidate,黑色可见虚线段；移除 simulation_a33 连续标记线邻域后提取。 相邻短划像素间隔不超过 28px 时，按虚线样式空白归入同一数据段；更大空白仍保留为缺失区。
line-uct_test_a33-0053,uct_test_a33,1.1240165374118407,0.06938479025564759,0.008618909935958152,0.004753801763507148,516.0,409.0,2.0,False,visible_candidate,image_candidate,黑色可见虚线段；移除 simulation_a33 连续标记线邻域后提取。 相邻短划像素间隔不超过 28px 时，按虚线样式空白归入同一数据段；更大空白仍保留为缺失区。
line-uct_test_a33-0054,uct_test_a33,1.141254357283757,0.07176169113740105,0.008618909935958152,0.004753801763507148,522.0,408.0,2.0,False,visible_candidate,image_candidate,黑色可见虚线段；移除 simulation_a33 连续标记线邻域后提取。 相邻短划像素间隔不超过 28px 时，按虚线样式空白归入同一数据段；更大空白仍保留为缺失区。
line-uct_test_a33-0055,uct_test_a33,1.1699840570702837,0.06997901547608598,0.008618909935958152,0.004753801763507148,532.0,408.75,2.0,False,visible_candidate,image_candidate,黑色可见虚线段；移除 simulation_a33 连续标记线邻域后提取。 相邻短划像素间隔不超过 28px 时，按虚线样式空白归入同一数据段；更大空白仍保留为缺失区。
line-uct_test_a33-0056,uct_test_a33,1.184348906963547,0.06938479025564759,0.008618909935958152,0.004753801763507148,537.0,409.0,2.0,False,visible_candidate,image_candidate,黑色可见虚线段；移除 simulation_a33 连续标记线邻域后提取。 相邻短划像素间隔不超过 28px 时，按虚线样式空白归入同一数据段；更大空白仍保留为缺失区。
line-uct_test_a33-0057,uct_test_a33,1.2015867268354634,0.0681963398147708,0.008618909935958152,0.004753801763507148,543.0,409.5,2.0,False,visible_candidate,image_candidate,黑色可见虚线段；移除 simulation_a33 连续标记线邻域后提取。 相邻短划像素间隔不超过 28px 时，按虚线样式空白归入同一数据段；更大空白仍保留为缺失区。
line-uct_test_a33-0058,uct_test_a33,1.2331893966006429,0.0687905650352092,0.008618909935958152,0.004753801763507148,554.0,409.25,2.0,False,visible_candidate,image_candidate,黑色可见虚线段；移除 simulation_a33 连续标记线邻域后提取。 相邻短划像素间隔不超过 28px 时，按虚线样式空白归入同一数据段；更大空白仍保留为缺失区。
line-uct_test_a33-0059,uct_test_a33,1.2475542464939062,0.0681963398147708,0.008618909935958152,0.004753801763507148,559.0,409.5,2.0,False,visible_candidate,image_candidate,黑色可见虚线段；移除 simulation_a33 连续标记线邻域后提取。 相邻短划像素间隔不超过 28px 时，按虚线样式空白归入同一数据段；更大空白仍保留为缺失区。
line-uct_test_a33-0060,uct_test_a33,1.2647920663658225,0.06700788937389401,0.008618909935958152,0.004753801763507148,565.0,410.0,2.0,False,visible_candidate,image_candidate,黑色可见虚线段；移除 simulation_a33 连续标记线邻域后提取。 相邻短划像素间隔不超过 28px 时，按虚线样式空白归入同一数据段；更大空白仍保留为缺失区。
line-uct_test_a33-0061,uct_test_a33,1.2935217661523493,0.0687905650352092,0.008618909935958152,0.004753801763507148,575.0,409.25,2.0,False,visible_candidate,image_candidate,黑色可见虚线段；移除 simulation_a33 连续标记线邻域后提取。 相邻短划像素间隔不超过 28px 时，按虚线样式空白归入同一数据段；更大空白仍保留为缺失区。
line-uct_test_a33-0062,uct_test_a33,1.3078866160456126,0.0681963398147708,0.008618909935958152,0.004753801763507148,580.0,409.5,2.0,False,visible_candidate,image_candidate,黑色可见虚线段；移除 simulation_a33 连续标记线邻域后提取。 相邻短划像素间隔不超过 28px 时，按虚线样式空白归入同一数据段；更大空白仍保留为缺失区。
line-uct_test_a33-0063,uct_test_a33,1.325124435917529,0.06700788937389401,0.008618909935958152,0.004753801763507148,586.0,410.0,2.0,False,visible_candidate,image_candidate,黑色可见虚线段；移除 simulation_a33 连续标记线邻域后提取。 相邻短划像素间隔不超过 28px 时，按虚线样式空白归入同一数据段；更大空白仍保留为缺失区。
line-uct_test_a33-0064,uct_test_a33,1.3567271056827084,0.06700788937389401,0.008618909935958152,0.004753801763507148,597.0,410.0,2.0,False,visible_candidate,image_candidate,黑色可见虚线段；移除 simulation_a33 连续标记线邻域后提取。 相邻短划像素间隔不超过 28px 时，按虚线样式空白归入同一数据段；更大空白仍保留为缺失区。
line-uct_test_a33-0065,uct_test_a33,1.3710919555759717,0.06700788937389401,0.008618909935958152,0.004753801763507148,602.0,410.0,2.0,False,visible_candidate,image_candidate,黑色可见虚线段；移除 simulation_a33 连续标记线邻域后提取。 相邻短划像素间隔不超过 28px 时，按虚线样式空白归入同一数据段；更大空白仍保留为缺失区。
line-uct_test_a33-0066,uct_test_a33,1.3883297754478878,0.06463098849214044,0.008618909935958152,0.004753801763507148,608.0,411.0,2.0,False,visible_candidate,image_candidate,黑色可见虚线段；移除 simulation_a33 连续标记线邻域后提取。 相邻短划像素间隔不超过 28px 时，按虚线样式空白归入同一数据段；更大空白仍保留为缺失区。
line-uct_test_a33-0067,uct_test_a33,1.4170594752344148,0.06700788937389401,0.008618909935958152,0.004753801763507148,618.0,410.0,2.0,False,visible_candidate,image_candidate,黑色可见虚线段；移除 simulation_a33 连续标记线邻域后提取。 相邻短划像素间隔不超过 28px 时，按虚线样式空白归入同一数据段；更大空白仍保留为缺失区。
line-uct_test_a33-0068,uct_test_a33,1.4314243251276781,0.06700788937389401,0.008618909935958152,0.004753801763507148,623.0,410.0,2.0,False,visible_candidate,image_candidate,黑色可见虚线段；移除 simulation_a33 连续标记线邻域后提取。 相邻短划像素间隔不超过 28px 时，按虚线样式空白归入同一数据段；更大空白仍保留为缺失区。
line-uct_test_a33-0069,uct_test_a33,1.4486621449995944,0.0681963398147708,0.008618909935958152,0.004753801763507148,629.0,409.5,2.0,False,visible_candidate,image_candidate,黑色可见虚线段；移除 simulation_a33 连续标记线邻域后提取。 相邻短划像素间隔不超过 28px 时，按虚线样式空白归入同一数据段；更大空白仍保留为缺失区。
line-uct_test_a33-0070,uct_test_a33,1.4773918447861212,0.0765154929009082,0.008618909935958152,0.004753801763507148,639.0,406.0,2.0,False,visible_candidate,image_candidate,黑色可见虚线段；移除 simulation_a33 连续标记线邻域后提取。 相邻短划像素间隔不超过 28px 时，按虚线样式空白归入同一数据段；更大空白仍保留为缺失区。
line-uct_test_a33-0071,uct_test_a33,1.4917566946793845,0.07770394334178499,0.008618909935958152,0.004753801763507148,644.0,405.5,2.0,False,visible_candidate,image_candidate,黑色可见虚线段；移除 simulation_a33 连续标记线邻域后提取。 相邻短划像素间隔不超过 28px 时，按虚线样式空白归入同一数据段；更大空白仍保留为缺失区。
line-uct_test_a33-0072,uct_test_a33,1.5089945145513008,0.08008084422353856,0.008618909935958152,0.004753801763507148,650.0,404.5,2.0,False,visible_candidate,image_candidate,黑色可见虚线段；移除 simulation_a33 连续标记线邻域后提取。 相邻短划像素间隔不超过 28px 时，按虚线样式空白归入同一数据段；更大空白仍保留为缺失区。
line-uct_test_a33-0073,uct_test_a33,1.5348512443591749,0.08899422253011435,0.008618909935958152,0.004753801763507148,659.0,400.75,2.0,False,visible_candidate,image_candidate,黑色可见虚线段；移除 simulation_a33 连续标记线邻域后提取。 相邻短划像素间隔不超过 28px 时，按虚线样式空白归入同一数据段；更大空白仍保留为缺失区。
line-uct_test_a33-0074,uct_test_a33,1.5492160942524384,0.08721154686879917,0.008618909935958152,0.004753801763507148,664.0,401.5,2.0,False,visible_candidate,image_candidate,黑色可见虚线段；移除 simulation_a33 连续标记线邻域后提取。 相邻短划像素间隔不超过 28px 时，按虚线样式空白归入同一数据段；更大空白仍保留为缺失区。
line-uct_test_a33-0075,uct_test_a33,1.565017429135028,0.07978373161331931,0.008618909935958152,0.004753801763507148,669.5,404.625,2.0,False,visible_candidate,image_candidate,黑色可见虚线段；移除 simulation_a33 连续标记线邻域后提取。 相邻短划像素间隔不超过 28px 时，按虚线样式空白归入同一数据段；更大空白仍保留为缺失区。
