group_id,candidate_id,series,x,y,normalized_uncertainty,threshold,review_role
p1-uncertainty-001,line-p1-000001,p1,110.38560746895433,8.75221291273131,0.04592902,0.02,agent_first_user_only_if_unresolved
p1-uncertainty-001,line-p1-000002,p1,114.98480632598393,3.881103246286017,0.05845511,0.02,agent_first_user_only_if_unresolved
p1-uncertainty-001,line-p1-000003,p1,119.58400518301346,3.60007768860649,0.05219207,0.02,agent_first_user_only_if_unresolved
p1-uncertainty-001,line-p1-000006,p1,133.38160175410223,2.475975457888339,0.02296451,0.02,agent_first_user_only_if_unresolved
p1-uncertainty-001,line-p1-000008,p1,142.57999946816142,2.101274714315636,0.05427975,0.02,agent_first_user_only_if_unresolved
p1-uncertainty-001,line-p1-000009,p1,147.17919832519095,7.6281106820131725,0.0605428,0.02,agent_first_user_only_if_unresolved
p1-uncertainty-001,line-p1-000010,p1,151.77839718222054,8.564862540944958,0.03549061,0.02,agent_first_user_only_if_unresolved
p1-uncertainty-001,line-p1-000011,p1,156.37759603925014,10.62571663059488,0.02505219,0.02,agent_first_user_only_if_unresolved
p1-uncertainty-001,line-p1-000012,p1,160.97679489627973,12.499220348458465,0.04592902,0.02,agent_first_user_only_if_unresolved
p1-uncertainty-001,line-p1-000013,p1,165.57599375330932,14.560074438108387,0.05845511,0.02,agent_first_user_only_if_unresolved
p1-uncertainty-001,line-p1-000014,p1,170.1751926103389,17.276654829010567,0.05636743,0.02,agent_first_user_only_if_unresolved
p1-uncertainty-001,line-p1-000015,p1,174.77439146736845,19.805884848126396,0.05427975,0.02,agent_first_user_only_if_unresolved
p1-uncertainty-001,line-p1-000016,p1,179.37359032439804,21.30468782241725,0.02922756,0.02,agent_first_user_only_if_unresolved
p1-uncertainty-001,line-p1-000018,p1,188.57198803845722,21.773063751883143,0.02296451,0.02,agent_first_user_only_if_unresolved
p1-uncertainty-001,line-p1-000019,p1,193.1711868954868,20.555286335271816,0.05010438,0.02,agent_first_user_only_if_unresolved
p1-uncertainty-001,line-p1-000020,p1,197.7703857525164,18.77545780330142,0.03966597,0.02,agent_first_user_only_if_unresolved
p1-uncertainty-001,line-p1-000024,p1,229.96477775172343,17.932381130262826,0.03340292,0.02,agent_first_user_only_if_unresolved
p1-uncertainty-001,line-p1-000025,p1,234.56397660875302,18.77545780330142,0.04384134,0.02,agent_first_user_only_if_unresolved
p1-uncertainty-001,line-p1-000026,p1,239.16317546578261,21.398363008310426,0.0605428,0.02,agent_first_user_only_if_unresolved
p1-uncertainty-001,line-p1-000027,p1,243.7623743228122,25.801096745289826,0.05427975,0.02,agent_first_user_only_if_unresolved
p1-uncertainty-001,line-p1-000028,p1,248.3615731798418,27.206224533687504,0.04384134,0.02,agent_first_user_only_if_unresolved
p1-uncertainty-001,line-p1-000029,p1,252.9607720368714,29.173403437444257,0.03340292,0.02,agent_first_user_only_if_unresolved
p1-uncertainty-001,line-p1-000030,p1,257.559970893901,30.391180854055577,0.02296451,0.02,agent_first_user_only_if_unresolved
p1-uncertainty-001,line-p1-000033,p1,271.35756746498976,29.548104181016967,0.05010438,0.02,agent_first_user_only_if_unresolved
p1-uncertainty-001,line-p1-000034,p1,275.95676632201935,28.330326764405648,0.04384134,0.02,agent_first_user_only_if_unresolved
p1-uncertainty-001,line-p1-000035,p1,280.5559651790488,27.76827564904658,0.03131524,0.02,agent_first_user_only_if_unresolved
p1-uncertainty-001,line-p1-000036,p1,285.1551640360784,29.267078623337433,0.07306889,0.02,agent_first_user_only_if_unresolved
p1-uncertainty-001,line-p1-000037,p1,289.754362893108,31.046907155307828,0.03757829,0.02,agent_first_user_only_if_unresolved
p1-uncertainty-001,line-p1-000038,p1,294.3535617501376,30.67220641173511,0.04175365,0.02,agent_first_user_only_if_unresolved
p1-uncertainty-001,line-p1-000039,p1,298.9527606071672,28.517677136192006,0.04384134,0.02,agent_first_user_only_if_unresolved
p1-uncertainty-001,line-p1-000040,p1,303.5519594641968,26.363147860648894,0.05010438,0.02,agent_first_user_only_if_unresolved
p1-uncertainty-001,line-p1-000041,p1,308.1511583212264,24.489644142785323,0.04175365,0.02,agent_first_user_only_if_unresolved
p1-uncertainty-001,line-p1-000042,p1,312.75035717825597,22.616140424921753,0.02922756,0.02,agent_first_user_only_if_unresolved
p1-uncertainty-001,line-p1-000043,p1,317.34955603528556,19.524859290446855,0.06471816,0.02,agent_first_user_only_if_unresolved
p1-uncertainty-001,line-p1-000044,p1,321.94875489231515,17.55768038669011,0.14196242,0.02,agent_first_user_only_if_unresolved
p1-uncertainty-001,line-p1-000045,p1,326.54795374934474,7.15973475254728,0.11482255,0.02,agent_first_user_only_if_unresolved
p1-uncertainty-001,line-p1-000046,p1,331.14715260637433,10.532041444701704,0.13778706,0.02,agent_first_user_only_if_unresolved
p1-uncertainty-001,line-p1-000047,p1,335.7463514634039,12.780245906137992,0.13361169,0.02,agent_first_user_only_if_unresolved
p1-uncertainty-001,line-p1-000048,p1,340.3455503204334,18.494432245621894,0.06263048,0.02,agent_first_user_only_if_unresolved
p1-uncertainty-001,line-p1-000050,p1,354.1431468915222,22.33511486724221,0.02713987,0.02,agent_first_user_only_if_unresolved
p1-uncertainty-001,line-p1-000052,p1,363.34154460558136,22.241439681349036,0.02922756,0.02,agent_first_user_only_if_unresolved
p1-uncertainty-001,line-p1-000053,p1,367.94074346261095,21.30468782241725,0.02087683,0.02,agent_first_user_only_if_unresolved
p1-uncertainty-001,line-p1-000056,p1,381.7383400336997,22.70981561081493,0.02296451,0.02,agent_first_user_only_if_unresolved
p1-uncertainty-001,line-p1-000057,p1,386.3375388907293,23.74024265563989,0.02505219,0.02,agent_first_user_only_if_unresolved
p1-uncertainty-001,line-p1-000058,p1,390.9367377477589,25.145370444037567,0.02713987,0.02,agent_first_user_only_if_unresolved
p1-uncertainty-001,line-p1-000059,p1,395.5359366047885,26.363147860648894,0.02922756,0.02,agent_first_user_only_if_unresolved
p1-uncertainty-001,line-p1-000067,p1,432.3295274610251,26.175797488862543,0.02087683,0.02,agent_first_user_only_if_unresolved
p1-uncertainty-001,line-p1-000078,p1,482.9207148883505,23.084516354387645,0.03131524,0.02,agent_first_user_only_if_unresolved
p1-uncertainty-001,line-p1-000079,p1,487.5199137453801,24.5833193286785,0.03549061,0.02,agent_first_user_only_if_unresolved
p1-uncertainty-001,line-p1-000080,p1,492.1191126024097,26.175797488862543,0.03340292,0.02,agent_first_user_only_if_unresolved
p1-uncertainty-001,line-p1-000081,p1,496.7183114594393,27.76827564904658,0.03131524,0.02,agent_first_user_only_if_unresolved
p1-uncertainty-001,line-p1-000082,p1,501.3175103164689,29.267078623337433,0.03131524,0.02,agent_first_user_only_if_unresolved
p1-uncertainty-001,line-p1-000083,p1,505.9167091734985,30.765881597628294,0.03131524,0.02,agent_first_user_only_if_unresolved
p1-uncertainty-001,line-p1-000084,p1,510.51590803052807,32.17100938602597,0.02922756,0.02,agent_first_user_only_if_unresolved
p1-uncertainty-001,line-p1-000086,p1,519.7143057445871,34.700239405141794,0.02296451,0.02,agent_first_user_only_if_unresolved
p1-uncertainty-001,line-p1-000087,p1,524.3135046016167,35.73066644996676,0.02087683,0.02,agent_first_user_only_if_unresolved
p1-uncertainty-001,line-p1-000088,p1,528.9127034586463,37.13579423836444,0.02713987,0.02,agent_first_user_only_if_unresolved
p1-uncertainty-001,line-p1-000089,p1,533.5119023156759,38.44724684086894,0.03549061,0.02,agent_first_user_only_if_unresolved
p1-uncertainty-001,line-p1-000090,p1,538.1111011727055,40.03972500105298,0.03340292,0.02,agent_first_user_only_if_unresolved
p1-uncertainty-001,line-p1-000091,p1,542.7103000297351,41.44485278945066,0.02713987,0.02,agent_first_user_only_if_unresolved
p1-uncertainty-001,line-p1-000096,p1,565.706294314883,41.16382723177112,0.02505219,0.02,agent_first_user_only_if_unresolved
p1-uncertainty-001,line-p1-000097,p1,570.3054931719126,39.946049815159796,0.02713987,0.02,agent_first_user_only_if_unresolved
p1-uncertainty-001,line-p1-000098,p1,574.9046920289421,38.72827239854848,0.02505219,0.02,agent_first_user_only_if_unresolved
p1-uncertainty-001,line-p1-000106,p1,620.896680599238,40.03972500105298,0.02922756,0.02,agent_first_user_only_if_unresolved
p1-uncertainty-001,line-p1-000107,p1,625.4958794562676,38.44724684086894,0.0480167,0.02,agent_first_user_only_if_unresolved
p1-uncertainty-001,line-p1-000108,p1,630.0950783132972,36.66741830889855,0.02922756,0.02,agent_first_user_only_if_unresolved
p1-uncertainty-001,line-p1-000110,p1,639.2934760273563,33.95083791799637,0.02713987,0.02,agent_first_user_only_if_unresolved
p1-uncertainty-001,line-p1-000111,p1,643.8926748843859,33.10776124495776,0.03340292,0.02,agent_first_user_only_if_unresolved
p1-uncertainty-001,line-p1-000112,p1,648.4918737414155,30.110155296376043,0.04175365,0.02,agent_first_user_only_if_unresolved
p1-uncertainty-001,line-p1-000113,p1,653.0910725984451,28.424001950298823,0.03340292,0.02,agent_first_user_only_if_unresolved
p1-uncertainty-001,line-p1-000114,p1,657.6902714554747,27.206224533687504,0.03131524,0.02,agent_first_user_only_if_unresolved
p1-uncertainty-001,line-p1-000115,p1,662.2894703125042,27.95562602083293,0.0480167,0.02,agent_first_user_only_if_unresolved
p1-uncertainty-001,line-p1-000116,p1,666.8886691695338,29.64177936691015,0.0480167,0.02,agent_first_user_only_if_unresolved
p1-uncertainty-001,line-p1-000118,p1,676.087066883593,30.2975056681624,0.02296451,0.02,agent_first_user_only_if_unresolved
p1-uncertainty-001,line-p1-000119,p1,680.6862657406226,28.236651578512472,0.05219207,0.02,agent_first_user_only_if_unresolved
p1-uncertainty-001,line-p1-000120,p1,685.2854645976522,25.145370444037567,0.07306889,0.02,agent_first_user_only_if_unresolved
p1-uncertainty-001,line-p1-000121,p1,689.8846634546817,24.02126821331943,0.03549061,0.02,agent_first_user_only_if_unresolved
p1-uncertainty-001,line-p1-000122,p1,694.4838623117114,25.520071187610284,0.0605428,0.02,agent_first_user_only_if_unresolved
p1-uncertainty-001,line-p1-000123,p1,699.0830611687409,27.112549347794328,0.03340292,0.02,agent_first_user_only_if_unresolved
p1-uncertainty-001,line-p1-000124,p1,703.6822600257706,27.112549347794328,0.02922756,0.02,agent_first_user_only_if_unresolved
p1-uncertainty-001,line-p1-000125,p1,708.2814588828,26.175797488862543,0.02087683,0.02,agent_first_user_only_if_unresolved
p1-uncertainty-001,line-p1-000128,p1,722.0790554538887,28.236651578512472,0.0605428,0.02,agent_first_user_only_if_unresolved
p1-uncertainty-001,line-p1-000129,p1,726.6782543109184,30.578531225841935,0.06471816,0.02,agent_first_user_only_if_unresolved
p1-uncertainty-001,line-p1-000130,p1,731.2774531679479,34.138188289782725,0.06471816,0.02,agent_first_user_only_if_unresolved
p1-uncertainty-001,line-p1-000131,p1,735.8766520249776,37.51049498193716,0.05636743,0.02,agent_first_user_only_if_unresolved
p1-uncertainty-001,line-p1-000132,p1,740.4758508820071,38.6345972126553,0.03131524,0.02,agent_first_user_only_if_unresolved
p1-uncertainty-001,line-p1-000133,p1,745.0750497390368,37.416819796043974,0.04592902,0.02,agent_first_user_only_if_unresolved
p1-uncertainty-001,line-p1-000134,p1,749.6742485960663,36.10536719353947,0.02505219,0.02,agent_first_user_only_if_unresolved
p1-uncertainty-001,line-p1-000135,p1,754.273447453096,33.857162732103184,0.02922756,0.02,agent_first_user_only_if_unresolved
p1-uncertainty-001,line-p1-000136,p1,758.8726463101254,31.421607898880545,0.05010438,0.02,agent_first_user_only_if_unresolved
p1-uncertainty-001,line-p1-000137,p1,763.4718451671552,28.424001950298823,0.07098121,0.02,agent_first_user_only_if_unresolved
p1-uncertainty-001,line-p1-000138,p1,768.0710440241846,26.73784860422161,0.05010438,0.02,agent_first_user_only_if_unresolved
p1-uncertainty-001,line-p1-000141,p1,781.8686405952733,27.76827564904658,0.0605428,0.02,agent_first_user_only_if_unresolved
p1-uncertainty-001,line-p1-000142,p1,786.467839452303,29.45442899512379,0.06471816,0.02,agent_first_user_only_if_unresolved
p1-uncertainty-001,line-p1-000143,p1,791.0670383093325,31.983659014239613,0.06263048,0.02,agent_first_user_only_if_unresolved
p1-uncertainty-001,line-p1-000144,p1,795.6662371663622,35.63699126407358,0.0480167,0.02,agent_first_user_only_if_unresolved
p1-uncertainty-001,line-p1-000145,p1,800.2654360233917,36.94844386657808,0.02296451,0.02,agent_first_user_only_if_unresolved
p1-uncertainty-001,line-p1-000147,p1,818.66223145151,39.19664832801437,0.03549061,0.02,agent_first_user_only_if_unresolved
p1-uncertainty-001,line-p1-000148,p1,823.2614303085397,40.789126488198406,0.06889353,0.02,agent_first_user_only_if_unresolved
p1-uncertainty-001,line-p1-000149,p1,827.8606291655692,42.75630539195516,0.05636743,0.02,agent_first_user_only_if_unresolved
p1-uncertainty-001,line-p1-000150,p1,832.4598280225989,44.81715948160509,0.02296451,0.02,agent_first_user_only_if_unresolved
p1-uncertainty-001,line-p1-000152,p1,841.6582257366579,44.81715948160509,0.03131524,0.02,agent_first_user_only_if_unresolved
p1-uncertainty-001,line-p1-000153,p1,846.2574245936876,43.505706879100586,0.03966597,0.02,agent_first_user_only_if_unresolved
p1-uncertainty-001,line-p1-000154,p1,850.856623450717,41.72587834713019,0.03340292,0.02,agent_first_user_only_if_unresolved
p1-uncertainty-001,line-p1-000157,p1,869.2534188788354,36.94844386657808,0.03549061,0.02,agent_first_user_only_if_unresolved
p1-uncertainty-001,line-p1-000158,p1,873.8526177358651,34.512889033355435,0.05219207,0.02,agent_first_user_only_if_unresolved
p1-uncertainty-001,line-p1-000159,p1,878.4518165928946,33.20143643085094,0.04384134,0.02,agent_first_user_only_if_unresolved
p1-uncertainty-001,line-p1-000161,p1,887.6502143069538,31.889983828346438,0.03549061,0.02,agent_first_user_only_if_unresolved
p1-uncertainty-001,line-p1-000162,p1,892.2494131639835,33.482461988530474,0.07098121,0.02,agent_first_user_only_if_unresolved
p1-uncertainty-001,line-p1-000163,p1,896.848612021013,36.10536719353947,0.10438413,0.02,agent_first_user_only_if_unresolved
p1-uncertainty-001,line-p1-000164,p1,901.4478108780424,40.50810093051887,0.0605428,0.02,agent_first_user_only_if_unresolved
p1-uncertainty-001,line-p1-000165,p1,906.0470097350722,45.47288578285734,0.02922756,0.02,agent_first_user_only_if_unresolved
p1-uncertainty-001,line-p1-000166,p1,933.6422028772497,46.22228727000277,0.04175365,0.02,agent_first_user_only_if_unresolved
p1-uncertainty-001,line-p1-000170,p1,952.0389983053681,43.41203169320741,0.02505219,0.02,agent_first_user_only_if_unresolved
p1-uncertainty-001,line-p1-000171,p1,956.6381971623975,41.819553533023374,0.03549061,0.02,agent_first_user_only_if_unresolved
p1-uncertainty-001,line-p1-000172,p1,961.237396019427,39.19664832801437,0.06471816,0.02,agent_first_user_only_if_unresolved
p1-uncertainty-001,line-p1-000173,p1,965.8365948764567,36.48006793711219,0.07933194,0.02,agent_first_user_only_if_unresolved
p1-uncertainty-001,line-p1-000174,p1,970.4357937334862,33.66981236031683,0.05427975,0.02,agent_first_user_only_if_unresolved
p1-uncertainty-001,line-p1-000175,p1,975.0349925905159,31.046907155307828,0.03757829,0.02,agent_first_user_only_if_unresolved
p1-uncertainty-001,line-p1-000176,p1,979.6341914475454,28.424001950298823,0.05845511,0.02,agent_first_user_only_if_unresolved
p1-uncertainty-001,line-p1-000177,p1,984.2333903045751,25.70742155939665,0.07724426,0.02,agent_first_user_only_if_unresolved
p1-uncertainty-001,line-p1-000178,p1,988.8325891616046,22.99084116849447,0.05845511,0.02,agent_first_user_only_if_unresolved
p1-uncertainty-001,line-p1-000181,p1,1002.6301857326935,19.61853447634003,0.02922756,0.02,agent_first_user_only_if_unresolved
p1-uncertainty-001,line-p1-000182,p1,1007.2293845897229,22.054089309562684,0.02922756,0.02,agent_first_user_only_if_unresolved
p1-uncertainty-001,line-p1-000183,p1,1011.8285834467526,25.42639600171711,0.05219207,0.02,agent_first_user_only_if_unresolved
p1-uncertainty-001,line-p1-000184,p1,1016.4277823037821,29.922804924589684,0.04384134,0.02,agent_first_user_only_if_unresolved
p1-uncertainty-001,line-p1-000185,p1,1021.0269811608116,32.35835975781233,0.02087683,0.02,agent_first_user_only_if_unresolved
p1-uncertainty-001,line-p1-000186,p1,1025.6261800178413,34.2318634756759,0.02505219,0.02,agent_first_user_only_if_unresolved
p1-uncertainty-001,line-p1-000192,p1,1053.2213731600189,36.854768680684906,0.03757829,0.02,agent_first_user_only_if_unresolved
p1-uncertainty-001,line-p1-000193,p1,1057.8205720170483,34.79391459103498,0.04592902,0.02,agent_first_user_only_if_unresolved
p1-uncertainty-001,line-p1-000195,p1,1067.0189697311075,29.922804924589684,0.05427975,0.02,agent_first_user_only_if_unresolved
p1-uncertainty-001,line-p1-000196,p1,1071.6181685881372,28.236651578512472,0.02087683,0.02,agent_first_user_only_if_unresolved
p1-uncertainty-001,line-p1-000198,p1,1080.8165663021962,28.424001950298823,0.02922756,0.02,agent_first_user_only_if_unresolved
p1-uncertainty-001,line-p1-000199,p1,1085.4157651592259,29.735454552803326,0.04175365,0.02,agent_first_user_only_if_unresolved
p1-uncertainty-001,line-p1-000200,p1,1090.0149640162554,30.20383048226922,0.03549061,0.02,agent_first_user_only_if_unresolved
p1-uncertainty-001,line-p1-000201,p1,1094.614162873285,28.517677136192006,0.05636743,0.02,agent_first_user_only_if_unresolved
p1-uncertainty-001,line-p1-000202,p1,1099.2133617303145,27.112549347794328,0.02922756,0.02,agent_first_user_only_if_unresolved
p1-uncertainty-001,line-p1-000204,p1,1108.4117594443737,28.61135232208518,0.03757829,0.02,agent_first_user_only_if_unresolved
p1-uncertainty-001,line-p1-000205,p1,1113.0109583014034,28.9860530656579,0.02922756,0.02,agent_first_user_only_if_unresolved
p1-uncertainty-001,line-p1-000206,p1,1117.610157158433,32.639385315491865,0.07933194,0.02,agent_first_user_only_if_unresolved
p1-uncertainty-001,line-p1-000209,p1,1131.4077537295218,35.63699126407358,0.03340292,0.02,agent_first_user_only_if_unresolved
p1-uncertainty-001,line-p1-000211,p1,1140.6061514435808,30.953231969414652,0.0480167,0.02,agent_first_user_only_if_unresolved
p1-uncertainty-001,line-p1-000212,p1,1145.2053503006105,28.14297639261929,0.08141962,0.02,agent_first_user_only_if_unresolved
p1-uncertainty-001,line-p1-000213,p1,1149.80454915764,20.086910405805924,0.17327766,0.02,agent_first_user_only_if_unresolved
p1-uncertainty-001,line-p1-000214,p1,1154.4037480146696,12.124519604885748,0.25052192,0.02,agent_first_user_only_if_unresolved
p1-uncertainty-001,line-p1-000215,p1,1159.0029468716991,6.878709194867739,0.13361169,0.02,agent_first_user_only_if_unresolved
p1-uncertainty-001,line-p1-000216,p1,1163.6021457287288,12.218194790778924,0.24843424,0.02,agent_first_user_only_if_unresolved
p1-uncertainty-001,line-p1-000217,p1,1168.2013445857583,18.213406687942353,0.17327766,0.02,agent_first_user_only_if_unresolved
p1-uncertainty-001,line-p1-000218,p1,1172.800543442788,27.112549347794328,0.06680585,0.02,agent_first_user_only_if_unresolved
p1-uncertainty-001,line-p1-000219,p1,1177.3997422998175,30.110155296376043,0.05427975,0.02,agent_first_user_only_if_unresolved
p1-uncertainty-001,line-p1-000220,p1,1181.9989411568472,32.73306050138504,0.05845511,0.02,agent_first_user_only_if_unresolved
p1-uncertainty-001,line-p1-000221,p1,1186.5981400138767,34.88758977692815,0.0480167,0.02,agent_first_user_only_if_unresolved
p1-uncertainty-001,line-p1-000223,p1,1200.3957365849653,31.327932712987362,0.08141962,0.02,agent_first_user_only_if_unresolved
p1-uncertainty-001,line-p1-000224,p1,1204.994935441995,27.861950834939755,0.10438413,0.02,agent_first_user_only_if_unresolved
p1-uncertainty-001,line-p1-000225,p1,1209.5941342990245,25.801096745289826,0.06263048,0.02,agent_first_user_only_if_unresolved
p1-uncertainty-001,line-p1-000226,p1,1214.1933331560542,27.206224533687504,0.08977035,0.02,agent_first_user_only_if_unresolved
p1-uncertainty-001,line-p1-000227,p1,1218.7925320130837,30.20383048226922,0.07306889,0.02,agent_first_user_only_if_unresolved
p1-uncertainty-001,line-p1-000228,p1,1223.3917308701134,33.95083791799637,0.04384134,0.02,agent_first_user_only_if_unresolved
p1-uncertainty-001,line-p1-000229,p1,1227.9909297271429,35.5433160781804,0.02922756,0.02,agent_first_user_only_if_unresolved
p1-uncertainty-002,line-p1-000243,p1,1292.3797137255572,36.76109349479172,0.02713987,0.02,agent_first_user_only_if_unresolved
p1-uncertainty-002,line-p1-000244,p1,1296.9789125825866,37.88519572550987,0.02713987,0.02,agent_first_user_only_if_unresolved
p1-uncertainty-002,line-p1-000251,p1,1329.1733045817937,39.4776738856939,0.03340292,0.02,agent_first_user_only_if_unresolved
p1-uncertainty-002,line-p1-000252,p1,1333.7725034388234,37.79152053961669,0.05845511,0.02,agent_first_user_only_if_unresolved
p1-uncertainty-002,line-p1-000253,p1,1338.3717022958529,34.700239405141794,0.06889353,0.02,agent_first_user_only_if_unresolved
p1-uncertainty-002,line-p1-000254,p1,1342.9709011528826,32.35835975781233,0.08141962,0.02,agent_first_user_only_if_unresolved
p1-uncertainty-002,line-p1-000255,p1,1347.570100009912,30.391180854055577,0.02296451,0.02,agent_first_user_only_if_unresolved
p1-uncertainty-002,line-p1-000257,p1,1361.367696581001,25.61374637350346,0.05010438,0.02,agent_first_user_only_if_unresolved
p1-uncertainty-002,line-p1-000260,p1,1379.764492009119,20.27426077759229,0.04384134,0.02,agent_first_user_only_if_unresolved
p1-uncertainty-002,line-p1-000261,p1,1384.3636908661488,22.054089309562684,0.07515658,0.02,agent_first_user_only_if_unresolved
p1-uncertainty-002,line-p1-000262,p1,1388.9628897231783,25.70742155939665,0.05219207,0.02,agent_first_user_only_if_unresolved
p1-uncertainty-002,line-p1-000263,p1,1393.562088580208,28.049301206726113,0.05010438,0.02,agent_first_user_only_if_unresolved
p1-uncertainty-002,line-p1-000264,p1,1398.1612874372374,30.01648011048286,0.03966597,0.02,agent_first_user_only_if_unresolved
p1-uncertainty-002,line-p1-000265,p1,1402.7604862942671,31.796308642453255,0.02922756,0.02,agent_first_user_only_if_unresolved
p1-uncertainty-002,line-p1-000271,p1,1439.5540771505036,30.765881597628294,0.05219207,0.02,agent_first_user_only_if_unresolved
p1-uncertainty-002,line-p1-000272,p1,1444.1532760075333,28.79870269387154,0.08977035,0.02,agent_first_user_only_if_unresolved
p1-uncertainty-002,line-p1-000273,p1,1448.7524748645628,23.365541912067187,0.08141962,0.02,agent_first_user_only_if_unresolved
p1-uncertainty-002,line-p1-000274,p1,1453.3516737215925,20.27426077759229,0.06471816,0.02,agent_first_user_only_if_unresolved
p1-uncertainty-002,line-p1-000276,p1,1462.5500714356517,21.398363008310426,0.05636743,0.02,agent_first_user_only_if_unresolved
p1-uncertainty-002,line-p1-000277,p1,1467.1492702926812,22.616140424921753,0.08350731,0.02,agent_first_user_only_if_unresolved
p1-uncertainty-002,line-p1-000278,p1,1471.748469149711,27.29989971958068,0.07098121,0.02,agent_first_user_only_if_unresolved
p1-uncertainty-002,line-p1-000279,p1,1476.3476680067404,29.64177936691015,0.0605428,0.02,agent_first_user_only_if_unresolved
p1-uncertainty-002,line-p1-000280,p1,1480.94686686377,32.17100938602597,0.05427975,0.02,agent_first_user_only_if_unresolved
p1-uncertainty-002,line-p1-000281,p1,1485.5460657207996,34.88758977692815,0.04384134,0.02,agent_first_user_only_if_unresolved
p1-uncertainty-002,line-p1-000282,p1,1490.145264577829,36.573743123005364,0.03549061,0.02,agent_first_user_only_if_unresolved
p1-uncertainty-002,line-p1-000283,p1,1494.7444634348587,38.259896469082584,0.02713987,0.02,agent_first_user_only_if_unresolved
p1-uncertainty-003,line-p1-000305,p1,1595.9268382895095,36.29271756532583,0.02922756,0.02,agent_first_user_only_if_unresolved
p1-uncertainty-003,line-p1-000306,p1,1600.5260371465392,33.66981236031683,0.06680585,0.02,agent_first_user_only_if_unresolved
p1-uncertainty-003,line-p1-000307,p1,1605.1252360035687,31.327932712987362,0.10020877,0.02,agent_first_user_only_if_unresolved
p1-uncertainty-003,line-p1-000308,p1,1609.7244348605982,25.239045629930757,0.08977035,0.02,agent_first_user_only_if_unresolved
p1-uncertainty-003,line-p1-000309,p1,1614.323633717628,22.054089309562684,0.07933194,0.02,agent_first_user_only_if_unresolved
p1-uncertainty-003,line-p1-000310,p1,1618.9228325746574,19.993235219912748,0.04175365,0.02,agent_first_user_only_if_unresolved
p1-uncertainty-003,line-p1-000311,p1,1623.522031431687,21.773063751883143,0.07724426,0.02,agent_first_user_only_if_unresolved
p1-uncertainty-003,line-p1-000312,p1,1628.1212302887166,24.302293770998972,0.05845511,0.02,agent_first_user_only_if_unresolved
p1-uncertainty-003,line-p1-000313,p1,1632.7204291457463,26.73784860422161,0.02922756,0.02,agent_first_user_only_if_unresolved
p1-uncertainty-003,line-p1-000315,p1,1641.9188268598054,26.925198976007962,0.03757829,0.02,agent_first_user_only_if_unresolved
p1-uncertainty-003,line-p1-000316,p1,1646.518025716835,25.332720815823933,0.04384134,0.02,agent_first_user_only_if_unresolved
p1-uncertainty-003,line-p1-000317,p1,1651.1172245738646,24.5833193286785,0.03131524,0.02,agent_first_user_only_if_unresolved
p1-uncertainty-003,line-p1-000319,p1,1660.3156222879238,22.70981561081493,0.03549061,0.02,agent_first_user_only_if_unresolved
p1-uncertainty-003,line-p1-000320,p1,1664.9148211449533,24.02126821331943,0.04175365,0.02,agent_first_user_only_if_unresolved
p1-uncertainty-003,line-p1-000321,p1,1669.5140200019828,28.61135232208518,0.07098121,0.02,agent_first_user_only_if_unresolved
p1-uncertainty-003,line-p1-000322,p1,1674.1132188590125,30.953231969414652,0.08559499,0.02,agent_first_user_only_if_unresolved
p1-uncertainty-003,line-p1-000323,p1,1678.712417716042,34.04451310388954,0.06680585,0.02,agent_first_user_only_if_unresolved
p1-uncertainty-003,line-p1-000324,p1,1683.3116165730717,36.66741830889855,0.04592902,0.02,agent_first_user_only_if_unresolved
p1-uncertainty-003,line-p1-000325,p1,1687.9108154301011,38.6345972126553,0.02713987,0.02,agent_first_user_only_if_unresolved
p1-uncertainty-004,line-p1-000341,p1,1761.4979971425744,37.416819796043974,0.02087683,0.02,agent_first_user_only_if_unresolved
p1-uncertainty-004,line-p1-000342,p1,1766.0971959996043,36.48006793711219,0.02087683,0.02,agent_first_user_only_if_unresolved
p1-uncertainty-004,line-p1-000349,p1,1798.291587998811,31.889983828346438,0.02296451,0.02,agent_first_user_only_if_unresolved
p1-uncertainty-004,line-p1-000350,p1,1802.8907868558406,30.67220641173511,0.03340292,0.02,agent_first_user_only_if_unresolved
p1-uncertainty-004,line-p1-000351,p1,1807.4899857128705,29.360753809230616,0.02922756,0.02,agent_first_user_only_if_unresolved
p1-uncertainty-004,line-p1-000354,p1,1821.287582283959,28.14297639261929,0.03549061,0.02,agent_first_user_only_if_unresolved
p1-uncertainty-004,line-p1-000355,p1,1825.886781140989,30.20383048226922,0.05636743,0.02,agent_first_user_only_if_unresolved
p1-uncertainty-004,line-p1-000356,p1,1830.4859799980184,34.60656421924862,0.05845511,0.02,agent_first_user_only_if_unresolved
p1-uncertainty-004,line-p1-000359,p1,1844.2835765691068,36.48006793711219,0.03757829,0.02,agent_first_user_only_if_unresolved
p1-uncertainty-004,line-p1-000366,p1,1876.477968568314,35.73066644996676,0.02087683,0.02,agent_first_user_only_if_unresolved
p1-uncertainty-004,line-p1-000367,p1,1881.0771674253435,34.41921384746226,0.02922756,0.02,agent_first_user_only_if_unresolved
p1-uncertainty-004,line-p1-000368,p1,1885.6763662823735,33.20143643085094,0.03131524,0.02,agent_first_user_only_if_unresolved
p1-uncertainty-004,line-p1-000369,p1,1890.275565139403,32.9204108731714,0.02922756,0.02,agent_first_user_only_if_unresolved
p1-uncertainty-004,line-p1-000370,p1,1894.8747639964324,34.2318634756759,0.04592902,0.02,agent_first_user_only_if_unresolved
p1-uncertainty-004,line-p1-000371,p1,1899.473962853462,35.63699126407358,0.02713987,0.02,agent_first_user_only_if_unresolved
p1-uncertainty-004,line-p1-000372,p1,1904.0731617104914,37.79152053961669,0.02505219,0.02,agent_first_user_only_if_unresolved
p1-uncertainty-005,line-p1-000385,p1,1963.862746851876,37.229469424257616,0.03340292,0.02,agent_first_user_only_if_unresolved
p1-uncertainty-005,line-p1-000386,p1,1968.461945708906,35.07494014871451,0.0480167,0.02,agent_first_user_only_if_unresolved
p1-uncertainty-005,line-p1-000387,p1,1973.0611445659354,33.295111616744116,0.05010438,0.02,agent_first_user_only_if_unresolved
p1-uncertainty-005,line-p1-000388,p1,1977.6603434229648,31.327932712987362,0.03131524,0.02,agent_first_user_only_if_unresolved
p1-uncertainty-005,line-p1-000391,p1,1991.4579399940537,31.234257527094186,0.02922756,0.02,agent_first_user_only_if_unresolved
p1-uncertainty-005,line-p1-000392,p1,1996.0571388510832,32.73306050138504,0.03757829,0.02,agent_first_user_only_if_unresolved
p1-uncertainty-005,line-p1-000393,p1,2000.6563377081127,34.04451310388954,0.02922756,0.02,agent_first_user_only_if_unresolved
p1-uncertainty-005,line-p1-000404,p1,2051.247525135438,38.72827239854848,0.02087683,0.02,agent_first_user_only_if_unresolved
p1-uncertainty-006,line-p1-000434,p1,2189.223490846326,43.03733094963469,0.02087683,0.02,agent_first_user_only_if_unresolved
p1-uncertainty-006,line-p1-000435,p1,2193.8226897033555,44.06775799445966,0.03966597,0.02,agent_first_user_only_if_unresolved
p1-uncertainty-006,line-p1-000436,p1,2198.421888560385,45.191860225177805,0.02296451,0.02,agent_first_user_only_if_unresolved
p1-uncertainty-006,line-p1-000437,p1,2203.0210874174145,44.16143318035284,0.04592902,0.02,agent_first_user_only_if_unresolved
p1-uncertainty-006,line-p1-000438,p1,2207.620286274444,42.5689550201688,0.03549061,0.02,agent_first_user_only_if_unresolved
p1-uncertainty-006,line-p1-000448,p1,2253.6122748447397,39.4776738856939,0.02922756,0.02,agent_first_user_only_if_unresolved
p1-uncertainty-006,line-p1-000449,p1,2258.211473701769,38.54092202676212,0.02087683,0.02,agent_first_user_only_if_unresolved
p1-uncertainty-006,line-p1-000461,p1,2313.4018599861247,35.73066644996676,0.02505219,0.02,agent_first_user_only_if_unresolved
p1-uncertainty-007,line-p1-000474,p1,2373.191445127509,36.29271756532583,0.02087683,0.02,agent_first_user_only_if_unresolved
p1-uncertainty-007,line-p1-000475,p1,2377.7906439845383,35.168615334607686,0.02505219,0.02,agent_first_user_only_if_unresolved
p1-uncertainty-007,line-p1-000476,p1,2382.3898428415678,33.95083791799637,0.02713987,0.02,agent_first_user_only_if_unresolved
p1-uncertainty-007,line-p1-000477,p1,2386.989041698598,32.54571012959869,0.02922756,0.02,agent_first_user_only_if_unresolved
p1-uncertainty-007,line-p1-000478,p1,2391.5882405556276,31.046907155307828,0.03340292,0.02,agent_first_user_only_if_unresolved
p1-uncertainty-007,line-p1-000479,p1,2396.187439412657,29.922804924589684,0.02505219,0.02,agent_first_user_only_if_unresolved
p1-uncertainty-007,line-p1-000491,p1,2465.175422268101,38.35357165497576,0.02505219,0.02,agent_first_user_only_if_unresolved
p1-uncertainty-007,line-p1-000492,p1,2469.7746211251306,39.290323513907545,0.02087683,0.02,agent_first_user_only_if_unresolved
p1-uncertainty-007,line-p1-000498,p1,2584.7545925508703,40.32075055873251,0.03966597,0.02,agent_first_user_only_if_unresolved
p1-uncertainty-007,line-p1-000499,p1,2589.3537914078997,39.19664832801437,0.02713987,0.02,agent_first_user_only_if_unresolved
p1-uncertainty-007,line-p1-000511,p1,2644.5441776922544,34.32553866156908,0.02296451,0.02,agent_first_user_only_if_unresolved
p1-uncertainty-007,line-p1-000517,p1,2672.139370834432,36.199042379432655,0.02296451,0.02,agent_first_user_only_if_unresolved
p1-uncertainty-007,line-p1-000518,p1,2676.7385696914616,37.13579423836444,0.02296451,0.02,agent_first_user_only_if_unresolved
p1-uncertainty-008,line-p1-000532,p1,2741.1273536898752,40.789126488198406,0.02922756,0.02,agent_first_user_only_if_unresolved
p1-uncertainty-008,line-p1-000536,p1,2787.119342260172,40.03972500105298,0.03757829,0.02,agent_first_user_only_if_unresolved
p1-uncertainty-009,line-p1-000557,p1,2883.7025182577927,35.73066644996676,0.02087683,0.02,agent_first_user_only_if_unresolved
p2-uncertainty-001,line-p2-000005,p2,174.77439146736845,9.87631514344946,0.03062787,0.02,agent_first_user_only_if_unresolved
p2-uncertainty-001,line-p2-000009,p2,202.369584609546,16.246227784185606,0.03369066,0.02,agent_first_user_only_if_unresolved
p2-uncertainty-001,line-p2-000010,p2,206.9687834665756,18.119731502049177,0.04441041,0.02,agent_first_user_only_if_unresolved
p2-uncertainty-002,line-p2-000025,p2,275.95676632201935,24.86434488635804,0.02143951,0.02,agent_first_user_only_if_unresolved
p2-uncertainty-002,line-p2-000026,p2,280.5559651790488,23.271866726173997,0.0474732,0.02,agent_first_user_only_if_unresolved
p2-uncertainty-002,line-p2-000027,p2,285.1551640360784,22.054089309562684,0.0719755,0.02,agent_first_user_only_if_unresolved
p2-uncertainty-002,line-p2-000028,p2,289.754362893108,15.309475925253821,0.04900459,0.02,agent_first_user_only_if_unresolved
p2-uncertainty-002,line-p2-000029,p2,294.3535617501376,12.218194790778924,0.05666156,0.02,agent_first_user_only_if_unresolved
p2-uncertainty-002,line-p2-000030,p2,298.9527606071672,9.969990329342636,0.03522205,0.02,agent_first_user_only_if_unresolved
p2-uncertainty-002,line-p2-000033,p2,312.75035717825597,9.314264028090378,0.03062787,0.02,agent_first_user_only_if_unresolved
p2-uncertainty-002,line-p2-000034,p2,317.34955603528556,10.438366258808529,0.03675345,0.02,agent_first_user_only_if_unresolved
p2-uncertainty-002,line-p2-000035,p2,321.94875489231515,14.18537369453567,0.03369066,0.02,agent_first_user_only_if_unresolved
p2-uncertainty-002,line-p2-000036,p2,326.54795374934474,16.339902970078782,0.04134763,0.02,agent_first_user_only_if_unresolved
p2-uncertainty-002,line-p2-000037,p2,331.14715260637433,18.86913298919461,0.03981623,0.02,agent_first_user_only_if_unresolved
p2-uncertainty-002,line-p2-000038,p2,335.7463514634039,21.30468782241725,0.03675345,0.02,agent_first_user_only_if_unresolved
p2-uncertainty-002,line-p2-000040,p2,344.944749177463,21.86673893777632,0.02143951,0.02,agent_first_user_only_if_unresolved
p2-uncertainty-002,line-p2-000051,p2,395.5359366047885,15.02845036757428,0.03675345,0.02,agent_first_user_only_if_unresolved
p2-uncertainty-002,line-p2-000052,p2,400.135135461818,12.780245906137992,0.03522205,0.02,agent_first_user_only_if_unresolved
p2-uncertainty-002,line-p2-000053,p2,404.7343343188476,10.62571663059488,0.03369066,0.02,agent_first_user_only_if_unresolved
p2-uncertainty-002,line-p2-000054,p2,409.33353317587716,8.564862540944958,0.03062787,0.02,agent_first_user_only_if_unresolved
p2-uncertainty-002,line-p2-000055,p2,413.93273203290676,6.691358823081387,0.02756508,0.02,agent_first_user_only_if_unresolved
p2-uncertainty-002,line-p2-000056,p2,418.53193088993635,4.911530291110992,0.02603369,0.02,agent_first_user_only_if_unresolved
p2-uncertainty-002,line-p2-000057,p2,423.13112974696594,3.3190521309269485,0.0245023,0.02,agent_first_user_only_if_unresolved
p2-uncertainty-002,line-p2-000064,p2,455.32552174617297,4.8178551052178165,0.03062787,0.02,agent_first_user_only_if_unresolved
p2-uncertainty-002,line-p2-000065,p2,459.92472060320256,6.129307707722305,0.02143951,0.02,agent_first_user_only_if_unresolved
p2-uncertainty-002,line-p2-000069,p2,478.3215160313209,11.000417374167597,0.0229709,0.02,agent_first_user_only_if_unresolved
p2-uncertainty-002,line-p2-000070,p2,482.9207148883505,13.43597220739025,0.0245023,0.02,agent_first_user_only_if_unresolved
p2-uncertainty-002,line-p2-000071,p2,487.5199137453801,15.684176668826538,0.02603369,0.02,agent_first_user_only_if_unresolved
p2-uncertainty-002,line-p2-000072,p2,492.1191126024097,17.370330014903743,0.03675345,0.02,agent_first_user_only_if_unresolved
p2-uncertainty-002,line-p2-000073,p2,496.7183114594393,19.712209662233207,0.03828484,0.02,agent_first_user_only_if_unresolved
p2-uncertainty-002,line-p2-000074,p2,501.3175103164689,22.33511486724221,0.04134763,0.02,agent_first_user_only_if_unresolved
p2-uncertainty-002,line-p2-000075,p2,505.9167091734985,24.86434488635804,0.04287902,0.02,agent_first_user_only_if_unresolved
p2-uncertainty-002,line-p2-000076,p2,510.51590803052807,27.674600463153396,0.04287902,0.02,agent_first_user_only_if_unresolved
p2-uncertainty-002,line-p2-000077,p2,515.1151068875575,30.391180854055577,0.04441041,0.02,agent_first_user_only_if_unresolved
p2-uncertainty-002,line-p2-000078,p2,519.7143057445871,31.889983828346438,0.0229709,0.02,agent_first_user_only_if_unresolved
p2-uncertainty-002,line-p2-000081,p2,533.5119023156759,30.20383048226922,0.02603369,0.02,agent_first_user_only_if_unresolved
p2-uncertainty-002,line-p2-000082,p2,538.1111011727055,27.58092527726022,0.03522205,0.02,agent_first_user_only_if_unresolved
p2-uncertainty-002,line-p2-000083,p2,542.7103000297351,25.801096745289826,0.03062787,0.02,agent_first_user_only_if_unresolved
p2-uncertainty-002,line-p2-000084,p2,547.3094988867647,24.208618585105782,0.0229709,0.02,agent_first_user_only_if_unresolved
p2-uncertainty-002,line-p2-000091,p2,579.5038908859717,28.517677136192006,0.02909648,0.02,agent_first_user_only_if_unresolved
p2-uncertainty-002,line-p2-000092,p2,584.1030897430013,31.70263345656008,0.03981623,0.02,agent_first_user_only_if_unresolved
p2-uncertainty-002,line-p2-000093,p2,588.7022886000309,34.512889033355435,0.04441041,0.02,agent_first_user_only_if_unresolved
p2-uncertainty-002,line-p2-000094,p2,593.3014874570605,38.35357165497576,0.04900459,0.02,agent_first_user_only_if_unresolved
p2-uncertainty-002,line-p2-000095,p2,597.9006863140901,41.07015204587794,0.05359877,0.02,agent_first_user_only_if_unresolved
p2-uncertainty-002,line-p2-000096,p2,602.4998851711197,44.06775799445966,0.04134763,0.02,agent_first_user_only_if_unresolved
p2-uncertainty-002,line-p2-000097,p2,607.0990840281493,46.22228727000277,0.02756508,0.02,agent_first_user_only_if_unresolved
p2-uncertainty-002,line-p2-000100,p2,620.896680599238,45.94126171232323,0.0229709,0.02,agent_first_user_only_if_unresolved
p2-uncertainty-002,line-p2-000101,p2,625.4958794562676,44.536133923925554,0.03062787,0.02,agent_first_user_only_if_unresolved
p2-uncertainty-002,line-p2-000114,p2,685.2854645976522,39.571349071587086,0.02603369,0.02,agent_first_user_only_if_unresolved
p2-uncertainty-002,line-p2-000122,p2,722.0790554538887,38.44724684086894,0.02603369,0.02,agent_first_user_only_if_unresolved
p2-uncertainty-002,line-p2-000123,p2,726.6782543109184,40.32075055873251,0.03522205,0.02,agent_first_user_only_if_unresolved
p2-uncertainty-002,line-p2-000124,p2,731.2774531679479,42.94365576374152,0.04441041,0.02,agent_first_user_only_if_unresolved
p2-uncertainty-002,line-p2-000125,p2,735.8766520249776,45.566560968750515,0.0474732,0.02,agent_first_user_only_if_unresolved
p2-uncertainty-002,line-p2-000126,p2,740.4758508820071,47.15903912893455,0.02143951,0.02,agent_first_user_only_if_unresolved
p2-uncertainty-002,line-p2-000131,p2,763.4718451671552,43.78673243678012,0.02143951,0.02,agent_first_user_only_if_unresolved
p2-uncertainty-002,line-p2-000132,p2,768.0710440241846,42.194254276596084,0.0229709,0.02,agent_first_user_only_if_unresolved
p2-uncertainty-002,line-p2-000133,p2,772.6702428812143,40.789126488198406,0.0245023,0.02,agent_first_user_only_if_unresolved
p2-uncertainty-002,line-p2-000134,p2,777.2694417382438,38.82194758444165,0.02909648,0.02,agent_first_user_only_if_unresolved
p2-uncertainty-002,line-p2-000135,p2,781.8686405952733,36.66741830889855,0.03981623,0.02,agent_first_user_only_if_unresolved
p2-uncertainty-002,line-p2-000136,p2,786.467839452303,34.700239405141794,0.03522205,0.02,agent_first_user_only_if_unresolved
p2-uncertainty-002,line-p2-000140,p2,804.8646348804214,34.32553866156908,0.02603369,0.02,agent_first_user_only_if_unresolved
p2-uncertainty-002,line-p2-000146,p2,832.4598280225989,36.38639275121901,0.02603369,0.02,agent_first_user_only_if_unresolved
p2-uncertainty-002,line-p2-000147,p2,837.0590268796284,35.07494014871451,0.02603369,0.02,agent_first_user_only_if_unresolved
p2-uncertainty-002,line-p2-000150,p2,850.856623450717,36.199042379432655,0.03215926,0.02,agent_first_user_only_if_unresolved
p2-uncertainty-002,line-p2-000151,p2,855.4558223077468,37.97887091140305,0.04287902,0.02,agent_first_user_only_if_unresolved
p2-uncertainty-002,line-p2-000152,p2,860.0550211647762,39.66502425748026,0.02143951,0.02,agent_first_user_only_if_unresolved
p2-uncertainty-002,line-p2-000155,p2,873.8526177358651,39.19664832801437,0.03522205,0.02,agent_first_user_only_if_unresolved
p2-uncertainty-002,line-p2-000159,p2,892.2494131639835,38.82194758444165,0.03215926,0.02,agent_first_user_only_if_unresolved
p2-uncertainty-002,line-p2-000160,p2,896.848612021013,40.50810093051887,0.03522205,0.02,agent_first_user_only_if_unresolved
p2-uncertainty-002,line-p2-000163,p2,910.6462085921016,53.5289517696707,0.14548239,0.02,agent_first_user_only_if_unresolved
p2-uncertainty-002,line-p2-000164,p2,915.2454074491313,62.80279517309539,0.12098009,0.02,agent_first_user_only_if_unresolved
p2-uncertainty-002,line-p2-000165,p2,919.8446063061608,62.70911998720221,0.1194487,0.02,agent_first_user_only_if_unresolved
p2-uncertainty-002,line-p2-000166,p2,924.4438051631905,61.95971850005678,0.18836141,0.02,agent_first_user_only_if_unresolved
p2-uncertainty-002,line-p2-000167,p2,929.04300402022,54.18467807092295,0.16385911,0.02,agent_first_user_only_if_unresolved
p2-uncertainty-002,line-p2-000168,p2,933.6422028772497,40.69545130230523,0.05359877,0.02,agent_first_user_only_if_unresolved
p2-uncertainty-002,line-p2-000169,p2,938.2414017342792,37.13579423836444,0.04441041,0.02,agent_first_user_only_if_unresolved
p2-uncertainty-002,line-p2-000170,p2,942.8406005913089,34.138188289782725,0.05053599,0.02,agent_first_user_only_if_unresolved
p2-uncertainty-002,line-p2-000171,p2,947.4397994483384,30.20383048226922,0.06584992,0.02,agent_first_user_only_if_unresolved
p2-uncertainty-002,line-p2-000172,p2,952.0389983053681,26.55049823243526,0.09188361,0.02,agent_first_user_only_if_unresolved
p2-uncertainty-002,line-p2-000173,p2,956.6381971623975,19.43118410455368,0.08575804,0.02,agent_first_user_only_if_unresolved
p2-uncertainty-002,line-p2-000174,p2,961.237396019427,16.433578155971958,0.03675345,0.02,agent_first_user_only_if_unresolved
p2-uncertainty-002,line-p2-000181,p2,993.4317880186343,19.524859290446855,0.0229709,0.02,agent_first_user_only_if_unresolved
p2-uncertainty-002,line-p2-000182,p2,998.0309868756638,21.398363008310426,0.03215926,0.02,agent_first_user_only_if_unresolved
p2-uncertainty-002,line-p2-000183,p2,1002.6301857326935,23.552892283853538,0.03981623,0.02,agent_first_user_only_if_unresolved
p2-uncertainty-002,line-p2-000184,p2,1007.2293845897229,25.61374637350346,0.03369066,0.02,agent_first_user_only_if_unresolved
p2-uncertainty-002,line-p2-000187,p2,1021.0269811608116,29.922804924589684,0.02143951,0.02,agent_first_user_only_if_unresolved
p2-uncertainty-002,line-p2-000188,p2,1025.6261800178413,31.234257527094186,0.02756508,0.02,agent_first_user_only_if_unresolved
p2-uncertainty-002,line-p2-000189,p2,1030.2253788748708,32.82673568727822,0.0229709,0.02,agent_first_user_only_if_unresolved
p2-uncertainty-002,line-p2-000196,p2,1062.419770874078,32.9204108731714,0.03369066,0.02,agent_first_user_only_if_unresolved
p2-uncertainty-002,line-p2-000197,p2,1067.0189697311075,34.512889033355435,0.03215926,0.02,agent_first_user_only_if_unresolved
p2-uncertainty-002,line-p2-000205,p2,1103.8125605873443,32.35835975781233,0.02143951,0.02,agent_first_user_only_if_unresolved
p2-uncertainty-002,line-p2-000207,p2,1113.0109583014034,33.295111616744116,0.04594181,0.02,agent_first_user_only_if_unresolved
p2-uncertainty-002,line-p2-000208,p2,1117.610157158433,35.355965706394045,0.03981623,0.02,agent_first_user_only_if_unresolved
p2-uncertainty-002,line-p2-000212,p2,1136.0069525865513,35.73066644996676,0.02143951,0.02,agent_first_user_only_if_unresolved
p2-uncertainty-002,line-p2-000218,p2,1163.6021457287288,33.95083791799637,0.02909648,0.02,agent_first_user_only_if_unresolved
p2-uncertainty-002,line-p2-000219,p2,1168.2013445857583,35.355965706394045,0.02143951,0.02,agent_first_user_only_if_unresolved
p2-uncertainty-003,line-p2-000233,p2,1232.5901285841726,28.424001950298823,0.03369066,0.02,agent_first_user_only_if_unresolved
p2-uncertainty-003,line-p2-000234,p2,1237.189327441202,26.73784860422161,0.03062787,0.02,agent_first_user_only_if_unresolved
p2-uncertainty-003,line-p2-000238,p2,1255.5861228693204,25.520071187610284,0.02603369,0.02,agent_first_user_only_if_unresolved
p2-uncertainty-003,line-p2-000239,p2,1260.18532172635,27.487250091367038,0.03062787,0.02,agent_first_user_only_if_unresolved
p2-uncertainty-003,line-p2-000240,p2,1264.7845205833796,29.45442899512379,0.03522205,0.02,agent_first_user_only_if_unresolved
p2-uncertainty-003,line-p2-000241,p2,1269.383719440409,30.953231969414652,0.0229709,0.02,agent_first_user_only_if_unresolved
p2-uncertainty-003,line-p2-000252,p2,1319.9749068677345,32.73306050138504,0.03981623,0.02,agent_first_user_only_if_unresolved
p2-uncertainty-003,line-p2-000253,p2,1324.5741057247642,30.20383048226922,0.05972435,0.02,agent_first_user_only_if_unresolved
p2-uncertainty-003,line-p2-000254,p2,1329.1733045817937,28.049301206726113,0.03369066,0.02,agent_first_user_only_if_unresolved
p2-uncertainty-003,line-p2-000255,p2,1333.7725034388234,27.76827564904658,0.02909648,0.02,agent_first_user_only_if_unresolved
p2-uncertainty-003,line-p2-000258,p2,1347.570100009912,25.239045629930757,0.06431853,0.02,agent_first_user_only_if_unresolved
p2-uncertainty-003,line-p2-000259,p2,1352.1692988669417,18.40075705972872,0.14854518,0.02,agent_first_user_only_if_unresolved
p2-uncertainty-003,line-p2-000260,p2,1356.7684977239712,11.562468489526665,0.143951,0.02,agent_first_user_only_if_unresolved
p2-uncertainty-003,line-p2-000261,p2,1361.367696581001,10.344691072915353,0.13323124,0.02,agent_first_user_only_if_unresolved
p2-uncertainty-003,line-p2-000262,p2,1365.9668954380304,19.337508918660504,0.1669219,0.02,agent_first_user_only_if_unresolved
p2-uncertainty-003,line-p2-000263,p2,1370.5660942950599,25.520071187610284,0.09188361,0.02,agent_first_user_only_if_unresolved
p2-uncertainty-003,line-p2-000264,p2,1375.1652931520896,31.046907155307828,0.03369066,0.02,agent_first_user_only_if_unresolved
p2-uncertainty-003,line-p2-000265,p2,1379.764492009119,32.54571012959869,0.02143951,0.02,agent_first_user_only_if_unresolved
p2-uncertainty-003,line-p2-000273,p2,1416.5580828653558,31.889983828346438,0.0229709,0.02,agent_first_user_only_if_unresolved
p2-uncertainty-003,line-p2-000276,p2,1430.3556794364445,31.796308642453255,0.02143951,0.02,agent_first_user_only_if_unresolved
p2-uncertainty-003,line-p2-000277,p2,1434.9548782934742,33.20143643085094,0.03215926,0.02,agent_first_user_only_if_unresolved
p2-uncertainty-003,line-p2-000278,p2,1439.5540771505036,34.700239405141794,0.0229709,0.02,agent_first_user_only_if_unresolved
p2-uncertainty-004,line-p2-000303,p2,1554.5340485762433,25.61374637350346,0.03062787,0.02,agent_first_user_only_if_unresolved
p2-uncertainty-004,line-p2-000304,p2,1559.1332474332728,27.58092527726022,0.02909648,0.02,agent_first_user_only_if_unresolved
p2-uncertainty-004,line-p2-000305,p2,1563.7324462903025,29.45442899512379,0.02909648,0.02,agent_first_user_only_if_unresolved
p2-uncertainty-004,line-p2-000317,p2,1618.9228325746574,30.578531225841935,0.0229709,0.02,agent_first_user_only_if_unresolved
p2-uncertainty-004,line-p2-000318,p2,1623.522031431687,32.17100938602597,0.03369066,0.02,agent_first_user_only_if_unresolved
p2-uncertainty-004,line-p2-000319,p2,1628.1212302887166,33.95083791799637,0.02909648,0.02,agent_first_user_only_if_unresolved
p2-uncertainty-004,line-p2-000320,p2,1632.7204291457463,35.73066644996676,0.02143951,0.02,agent_first_user_only_if_unresolved
p2-uncertainty-004,line-p2-000324,p2,1651.1172245738646,41.07015204587794,0.03828484,0.02,agent_first_user_only_if_unresolved
p2-uncertainty-004,line-p2-000325,p2,1655.716423430894,43.31835650731423,0.0474732,0.02,agent_first_user_only_if_unresolved
p2-uncertainty-004,line-p2-000326,p2,1660.3156222879238,43.59938206499376,0.04287902,0.02,agent_first_user_only_if_unresolved
p2-uncertainty-004,line-p2-000327,p2,1664.9148211449533,41.07015204587794,0.06891271,0.02,agent_first_user_only_if_unresolved
p2-uncertainty-004,line-p2-000328,p2,1669.5140200019828,38.72827239854848,0.03369066,0.02,agent_first_user_only_if_unresolved
p2-uncertainty-004,line-p2-000340,p2,1724.7044062863376,32.73306050138504,0.02756508,0.02,agent_first_user_only_if_unresolved
p2-uncertainty-004,line-p2-000350,p2,1770.6963948566338,25.332720815823933,0.0229709,0.02,agent_first_user_only_if_unresolved
p2-uncertainty-004,line-p2-000351,p2,1775.2955937136633,26.925198976007962,0.03369066,0.02,agent_first_user_only_if_unresolved
p2-uncertainty-004,line-p2-000352,p2,1779.8947925706927,28.892377879764716,0.03215926,0.02,agent_first_user_only_if_unresolved
p2-uncertainty-004,line-p2-000353,p2,1784.4939914277222,30.85955678352147,0.02756508,0.02,agent_first_user_only_if_unresolved
p2-uncertainty-004,line-p2-000362,p2,1825.886781140989,36.76109349479172,0.0229709,0.02,agent_first_user_only_if_unresolved
p2-uncertainty-004,line-p2-000363,p2,1830.4859799980184,48.09579098786634,0.14548239,0.02,agent_first_user_only_if_unresolved
p2-uncertainty-004,line-p2-000364,p2,1835.0851788550478,48.93886766090495,0.13323124,0.02,agent_first_user_only_if_unresolved
p2-uncertainty-004,line-p2-000365,p2,1839.6843777120773,45.566560968750515,0.10872894,0.02,agent_first_user_only_if_unresolved
p2-uncertainty-004,line-p2-000367,p2,1848.8827754261367,52.030148795379844,0.1669219,0.02,agent_first_user_only_if_unresolved
p2-uncertainty-004,line-p2-000368,p2,1853.4819742831662,52.77955028252527,0.16385911,0.02,agent_first_user_only_if_unresolved
p2-uncertainty-004,line-p2-000369,p2,1858.0811731401957,51.65544805180713,0.18529862,0.02,agent_first_user_only_if_unresolved
p2-uncertainty-004,line-p2-000370,p2,1862.6803719972252,40.60177611641205,0.04287902,0.02,agent_first_user_only_if_unresolved
p2-uncertainty-005,line-p2-000413,p2,2060.445922849497,29.079728251551074,0.0229709,0.02,agent_first_user_only_if_unresolved
p2-uncertainty-005,line-p2-000414,p2,2065.0451217065274,27.487250091367038,0.03369066,0.02,agent_first_user_only_if_unresolved
p2-uncertainty-005,line-p2-000415,p2,2069.644320563557,24.5833193286785,0.0474732,0.02,agent_first_user_only_if_unresolved
p2-uncertainty-005,line-p2-000416,p2,2074.2435194205864,21.679388565989967,0.05819296,0.02,agent_first_user_only_if_unresolved
p2-uncertainty-005,line-p2-000417,p2,2078.842718277616,19.150158546874138,0.03828484,0.02,agent_first_user_only_if_unresolved
p2-uncertainty-005,line-p2-000419,p2,2088.041115991675,17.089304457224216,0.0229709,0.02,agent_first_user_only_if_unresolved
p2-uncertainty-005,line-p2-000420,p2,2092.6403148487043,19.056483360980963,0.05206738,0.02,agent_first_user_only_if_unresolved
p2-uncertainty-005,line-p2-000421,p2,2097.2395137057338,21.58571338009679,0.0474732,0.02,agent_first_user_only_if_unresolved
p2-uncertainty-005,line-p2-000433,p2,2152.4298999900893,22.99084116849447,0.04441041,0.02,agent_first_user_only_if_unresolved
p2-uncertainty-005,line-p2-000434,p2,2157.029098847119,19.712209662233207,0.04287902,0.02,agent_first_user_only_if_unresolved
p2-uncertainty-005,line-p2-000437,p2,2170.8266954182072,20.742636707058182,0.04287902,0.02,agent_first_user_only_if_unresolved
p2-uncertainty-005,line-p2-000438,p2,2175.4258942752367,22.33511486724221,0.05972435,0.02,agent_first_user_only_if_unresolved
p2-uncertainty-005,line-p2-000439,p2,2180.025093132266,24.86434488635804,0.03675345,0.02,agent_first_user_only_if_unresolved
p2-uncertainty-005,line-p2-000441,p2,2189.223490846326,29.45442899512379,0.03522205,0.02,agent_first_user_only_if_unresolved
p2-uncertainty-005,line-p2-000442,p2,2193.8226897033555,31.796308642453255,0.05206738,0.02,agent_first_user_only_if_unresolved
p2-uncertainty-005,line-p2-000443,p2,2198.421888560385,33.857162732103184,0.03369066,0.02,agent_first_user_only_if_unresolved
p2-uncertainty-005,line-p2-000455,p2,2253.6122748447397,31.51528308477372,0.0229709,0.02,agent_first_user_only_if_unresolved
p2-uncertainty-005,line-p2-000459,p2,2272.0090702728585,26.73784860422161,0.02143951,0.02,agent_first_user_only_if_unresolved
p2-uncertainty-006,line-p2-000481,p2,2373.191445127509,22.522465239028577,0.0229709,0.02,agent_first_user_only_if_unresolved
p2-uncertainty-006,line-p2-000482,p2,2377.7906439845383,24.114943399212606,0.02756508,0.02,agent_first_user_only_if_unresolved
p2-uncertainty-006,line-p2-000483,p2,2382.3898428415678,25.801096745289826,0.02756508,0.02,agent_first_user_only_if_unresolved
p2-uncertainty-006,line-p2-000484,p2,2386.989041698598,27.29989971958068,0.02143951,0.02,agent_first_user_only_if_unresolved
p2-uncertainty-006,line-p2-000488,p2,2405.385837126716,30.48485603994876,0.02756508,0.02,agent_first_user_only_if_unresolved
p2-uncertainty-006,line-p2-000492,p2,2423.782632554835,29.45442899512379,0.0229709,0.02,agent_first_user_only_if_unresolved
p2-uncertainty-006,line-p2-000493,p2,2428.3818314118644,27.674600463153396,0.02756508,0.02,agent_first_user_only_if_unresolved
p2-uncertainty-006,line-p2-000494,p2,2432.981030268894,25.801096745289826,0.03369066,0.02,agent_first_user_only_if_unresolved
p2-uncertainty-006,line-p2-000495,p2,2437.5802291259233,23.927593027426255,0.03522205,0.02,agent_first_user_only_if_unresolved
p2-uncertainty-006,line-p2-000496,p2,2442.179427982953,21.211012636524075,0.03522205,0.02,agent_first_user_only_if_unresolved
p2-uncertainty-006,line-p2-000497,p2,2446.7786268399823,19.43118410455368,0.03062787,0.02,agent_first_user_only_if_unresolved
p2-uncertainty-006,line-p2-000498,p2,2451.3778256970118,19.150158546874138,0.0229709,0.02,agent_first_user_only_if_unresolved
p2-uncertainty-006,line-p2-000499,p2,2455.9770245540412,21.211012636524075,0.03522205,0.02,agent_first_user_only_if_unresolved
p2-uncertainty-006,line-p2-000500,p2,2460.5762234110707,23.646567469746714,0.0474732,0.02,agent_first_user_only_if_unresolved
p2-uncertainty-006,line-p2-000501,p2,2465.175422268101,26.363147860648894,0.05513017,0.02,agent_first_user_only_if_unresolved
p2-uncertainty-006,line-p2-000502,p2,2469.7746211251306,28.61135232208518,0.03369066,0.02,agent_first_user_only_if_unresolved
p2-uncertainty-007,line-p2-000544,p2,2662.9409731203723,30.110155296376043,0.02756508,0.02,agent_first_user_only_if_unresolved
p2-uncertainty-007,line-p2-000545,p2,2667.5401719774027,28.79870269387154,0.02143951,0.02,agent_first_user_only_if_unresolved
p2-uncertainty-007,line-p2-000557,p2,2722.7305582617573,31.983659014239613,0.02143951,0.02,agent_first_user_only_if_unresolved
p2-uncertainty-007,line-p2-000561,p2,2741.1273536898752,37.13579423836444,0.03522205,0.02,agent_first_user_only_if_unresolved
p2-uncertainty-007,line-p2-000562,p2,2745.7265525469056,39.10297314212119,0.04594181,0.02,agent_first_user_only_if_unresolved
p2-uncertainty-007,line-p2-000563,p2,2750.325751403935,40.60177611641205,0.0245023,0.02,agent_first_user_only_if_unresolved
p2-uncertainty-007,line-p2-000564,p2,2754.9249502609646,38.915622770334835,0.03981623,0.02,agent_first_user_only_if_unresolved
p2-uncertainty-007,line-p2-000565,p2,2759.524149117994,41.632203161237015,0.08728943,0.02,agent_first_user_only_if_unresolved
p2-uncertainty-007,line-p2-000566,p2,2764.1233479750235,44.16143318035284,0.12863706,0.02,agent_first_user_only_if_unresolved
p2-uncertainty-007,line-p2-000567,p2,2768.722546832053,47.15903912893455,0.07810107,0.02,agent_first_user_only_if_unresolved
p2-uncertainty-007,line-p2-000568,p2,2773.3217456890825,43.41203169320741,0.03062787,0.02,agent_first_user_only_if_unresolved
p2-uncertainty-007,line-p2-000569,p2,2777.920944546112,40.32075055873251,0.03215926,0.02,agent_first_user_only_if_unresolved
p2-uncertainty-007,line-p2-000570,p2,2782.5201434031414,37.88519572550987,0.05666156,0.02,agent_first_user_only_if_unresolved
p2-uncertainty-007,line-p2-000571,p2,2787.119342260172,35.168615334607686,0.04900459,0.02,agent_first_user_only_if_unresolved
p2-uncertainty-007,line-p2-000572,p2,2791.7185411172013,32.73306050138504,0.0245023,0.02,agent_first_user_only_if_unresolved
p2-uncertainty-007,line-p2-000574,p2,2800.9169388312603,29.548104181016967,0.0245023,0.02,agent_first_user_only_if_unresolved
p2-uncertainty-007,line-p2-000575,p2,2805.5161376882897,28.049301206726113,0.02756508,0.02,agent_first_user_only_if_unresolved
p2-uncertainty-007,line-p2-000576,p2,2810.115336545319,26.26947267475572,0.02603369,0.02,agent_first_user_only_if_unresolved
p2-uncertainty-007,line-p2-000577,p2,2814.7145354023487,24.5833193286785,0.02603369,0.02,agent_first_user_only_if_unresolved
p2-uncertainty-008,line-p2-000591,p2,2879.103319400763,20.1805855916991,0.02143951,0.02,agent_first_user_only_if_unresolved
p2-uncertainty-008,line-p2-000592,p2,2883.7025182577927,21.58571338009679,0.02909648,0.02,agent_first_user_only_if_unresolved
p2-uncertainty-008,line-p2-000593,p2,2888.301717114822,23.084516354387645,0.0229709,0.02,agent_first_user_only_if_unresolved
p3-uncertainty-001,line-p3-000001,p3,110.38560746895433,12.873921092031168,0.02083333,0.02,agent_first_user_only_if_unresolved
p3-uncertainty-001,line-p3-000002,p3,114.98480632598393,9.220588842197202,0.09166667,0.02,agent_first_user_only_if_unresolved
p3-uncertainty-001,line-p3-000003,p3,119.58400518301346,6.035632521829129,0.04583333,0.02,agent_first_user_only_if_unresolved
p3-uncertainty-001,line-p3-000012,p3,160.97679489627973,4.0684536180723825,0.04166667,0.02,agent_first_user_only_if_unresolved
p3-uncertainty-001,line-p3-000013,p3,165.57599375330932,7.815461053799524,0.06041667,0.02,agent_first_user_only_if_unresolved
p3-uncertainty-001,line-p3-000014,p3,170.1751926103389,11.375118117740314,0.05833333,0.02,agent_first_user_only_if_unresolved
p3-uncertainty-001,line-p3-000015,p3,174.77439146736845,15.02845036757428,0.05416667,0.02,agent_first_user_only_if_unresolved
p3-uncertainty-001,line-p3-000019,p3,193.1711868954868,14.747424809894738,0.02083333,0.02,agent_first_user_only_if_unresolved
p3-uncertainty-001,line-p3-000020,p3,197.7703857525164,11.562468489526665,0.04583333,0.02,agent_first_user_only_if_unresolved
p3-uncertainty-001,line-p3-000022,p3,206.9687834665756,13.810672950962953,0.04583333,0.02,agent_first_user_only_if_unresolved
p3-uncertainty-001,line-p3-000030,p3,243.7623743228122,11.187767745953963,0.03333333,0.02,agent_first_user_only_if_unresolved
p3-uncertainty-001,line-p3-000032,p3,252.9607720368714,17.370330014903743,0.05416667,0.02,agent_first_user_only_if_unresolved
p3-uncertainty-001,line-p3-000036,p3,271.35756746498976,20.555286335271816,0.03333333,0.02,agent_first_user_only_if_unresolved
p3-uncertainty-001,line-p3-000037,p3,275.95676632201935,15.87152704061289,0.05,0.02,agent_first_user_only_if_unresolved
p3-uncertainty-001,line-p3-000038,p3,280.5559651790488,15.684176668826538,0.03541667,0.02,agent_first_user_only_if_unresolved
p3-uncertainty-001,line-p3-000044,p3,308.1511583212264,14.560074438108387,0.02708333,0.02,agent_first_user_only_if_unresolved
p3-uncertainty-001,line-p3-000047,p3,321.94875489231515,11.187767745953963,0.02916667,0.02,agent_first_user_only_if_unresolved
p3-uncertainty-001,line-p3-000052,p3,344.944749177463,2.75700101556788,0.04583333,0.02,agent_first_user_only_if_unresolved
p3-uncertainty-001,line-p3-000053,p3,349.5439480344926,3.3190521309269485,0.04791667,0.02,agent_first_user_only_if_unresolved
p3-uncertainty-001,line-p3-000054,p3,354.1431468915222,4.911530291110992,0.08333333,0.02,agent_first_user_only_if_unresolved
p3-uncertainty-001,line-p3-000055,p3,358.74234574855177,9.688964771663095,0.03541667,0.02,agent_first_user_only_if_unresolved
p3-uncertainty-001,line-p3-000056,p3,363.34154460558136,9.501614399876743,0.08125,0.02,agent_first_user_only_if_unresolved
p3-uncertainty-001,line-p3-000057,p3,367.94074346261095,3.225376945033773,0.05416667,0.02,agent_first_user_only_if_unresolved
p3-uncertainty-001,line-p3-000060,p3,381.7383400336997,7.253409938440456,0.08958333,0.02,agent_first_user_only_if_unresolved
p3-uncertainty-001,line-p3-000061,p3,386.3375388907293,11.187767745953963,0.09791667,0.02,agent_first_user_only_if_unresolved
p3-uncertainty-001,line-p3-000062,p3,390.9367377477589,15.215800739360645,0.04791667,0.02,agent_first_user_only_if_unresolved
p3-uncertainty-001,line-p3-000073,p3,473.72231717429133,7.534435496119997,0.09791667,0.02,agent_first_user_only_if_unresolved
p3-uncertainty-001,line-p3-000074,p3,478.3215160313209,3.974778432179207,0.07708333,0.02,agent_first_user_only_if_unresolved
p3-uncertainty-001,line-p3-000075,p3,482.9207148883505,4.7241799193246266,0.125,0.02,agent_first_user_only_if_unresolved
p3-uncertainty-001,line-p3-000076,p3,487.5199137453801,11.656143675419855,0.07916667,0.02,agent_first_user_only_if_unresolved
p3-uncertainty-001,line-p3-000077,p3,492.1191126024097,10.063665515235812,0.06041667,0.02,agent_first_user_only_if_unresolved
p3-uncertainty-001,line-p3-000078,p3,496.7183114594393,6.504008451295022,0.06041667,0.02,agent_first_user_only_if_unresolved
p3-uncertainty-001,line-p3-000079,p3,501.3175103164689,5.286231034683709,0.04166667,0.02,agent_first_user_only_if_unresolved
p3-uncertainty-001,line-p3-000081,p3,510.51590803052807,6.129307707722305,0.09166667,0.02,agent_first_user_only_if_unresolved
p3-uncertainty-001,line-p3-000082,p3,515.1151068875575,9.87631514344946,0.12083333,0.02,agent_first_user_only_if_unresolved
p3-uncertainty-001,line-p3-000083,p3,519.7143057445871,16.433578155971958,0.13333333,0.02,agent_first_user_only_if_unresolved
p3-uncertainty-001,line-p3-000084,p3,524.3135046016167,27.58092527726022,0.08541667,0.02,agent_first_user_only_if_unresolved
p3-uncertainty-002,line-p3-000096,p3,593.3014874570605,34.32553866156908,0.04166667,0.02,agent_first_user_only_if_unresolved
p3-uncertainty-002,line-p3-000097,p3,597.9006863140901,35.168615334607686,0.02916667,0.02,agent_first_user_only_if_unresolved
p3-uncertainty-002,line-p3-000102,p3,625.4958794562676,34.512889033355435,0.04375,0.02,agent_first_user_only_if_unresolved
p3-uncertainty-003,line-p3-000118,p3,731.2774531679479,29.735454552803326,0.05208333,0.02,agent_first_user_only_if_unresolved
p3-uncertainty-003,line-p3-000119,p3,735.8766520249776,31.234257527094186,0.05833333,0.02,agent_first_user_only_if_unresolved
p3-uncertainty-003,line-p3-000126,p3,772.6702428812143,27.861950834939755,0.03333333,0.02,agent_first_user_only_if_unresolved
p3-uncertainty-003,line-p3-000128,p3,781.8686405952733,24.114943399212606,0.04375,0.02,agent_first_user_only_if_unresolved
p3-uncertainty-003,line-p3-000129,p3,786.467839452303,20.1805855916991,0.05208333,0.02,agent_first_user_only_if_unresolved
p3-uncertainty-003,line-p3-000140,p3,837.0590268796284,29.079728251551074,0.03958333,0.02,agent_first_user_only_if_unresolved
p3-uncertainty-003,line-p3-000141,p3,841.6582257366579,25.239045629930757,0.05,0.02,agent_first_user_only_if_unresolved
p3-uncertainty-003,line-p3-000142,p3,846.2574245936876,21.773063751883143,0.04583333,0.02,agent_first_user_only_if_unresolved
p3-uncertainty-003,line-p3-000145,p3,860.0550211647762,22.616140424921753,0.03333333,0.02,agent_first_user_only_if_unresolved
p3-uncertainty-003,line-p3-000146,p3,864.6542200218059,23.17819154028082,0.02083333,0.02,agent_first_user_only_if_unresolved
p3-uncertainty-003,line-p3-000152,p3,892.2494131639835,22.428790053135387,0.04166667,0.02,agent_first_user_only_if_unresolved
p3-uncertainty-003,line-p3-000153,p3,896.848612021013,23.271866726173997,0.05208333,0.02,agent_first_user_only_if_unresolved
p3-uncertainty-003,line-p3-000156,p3,910.6462085921016,37.229469424257616,0.18125,0.02,agent_first_user_only_if_unresolved
p3-uncertainty-003,line-p3-000157,p3,915.2454074491313,37.229469424257616,0.29166667,0.02,agent_first_user_only_if_unresolved
p3-uncertainty-003,line-p3-000158,p3,919.8446063061608,41.632203161237015,0.2,0.02,agent_first_user_only_if_unresolved
p3-uncertainty-003,line-p3-000159,p3,924.4438051631905,45.6602361546437,0.26458333,0.02,agent_first_user_only_if_unresolved
p3-uncertainty-003,line-p3-000160,p3,929.04300402022,41.44485278945066,0.18125,0.02,agent_first_user_only_if_unresolved
p3-uncertainty-003,line-p3-000165,p3,961.237396019427,21.960414123669494,0.03958333,0.02,agent_first_user_only_if_unresolved
p3-uncertainty-003,line-p3-000166,p3,965.8365948764567,21.679388565989967,0.05833333,0.02,agent_first_user_only_if_unresolved
p3-uncertainty-003,line-p3-000167,p3,970.4357937334862,16.05887741239924,0.05625,0.02,agent_first_user_only_if_unresolved
p3-uncertainty-003,line-p3-000168,p3,975.0349925905159,13.529647393283426,0.02708333,0.02,agent_first_user_only_if_unresolved
p3-uncertainty-004,line-p3-000180,p3,1039.42377658893,17.276654829010567,0.03958333,0.02,agent_first_user_only_if_unresolved
p3-uncertainty-004,line-p3-000181,p3,1044.0229754459597,18.86913298919461,0.06041667,0.02,agent_first_user_only_if_unresolved
p3-uncertainty-004,line-p3-000182,p3,1048.6221743029892,22.522465239028577,0.04791667,0.02,agent_first_user_only_if_unresolved
p3-uncertainty-005,line-p3-000203,p3,1172.800543442788,21.30468782241725,0.05416667,0.02,agent_first_user_only_if_unresolved
p3-uncertainty-005,line-p3-000204,p3,1177.3997422998175,19.43118410455368,0.02083333,0.02,agent_first_user_only_if_unresolved
p3-uncertainty-005,line-p3-000214,p3,1237.189327441202,12.030844418992558,0.04166667,0.02,agent_first_user_only_if_unresolved
p3-uncertainty-005,line-p3-000216,p3,1246.3877251552613,7.9091362396927,0.04375,0.02,agent_first_user_only_if_unresolved
p3-uncertainty-005,line-p3-000217,p3,1250.9869240122907,6.785034008974563,0.04375,0.02,agent_first_user_only_if_unresolved
p3-uncertainty-005,line-p3-000218,p3,1255.5861228693204,3.412727316820124,0.04166667,0.02,agent_first_user_only_if_unresolved
p3-uncertainty-005,line-p3-000219,p3,1260.18532172635,0.6961469259179438,0.02916667,0.02,agent_first_user_only_if_unresolved
p3-uncertainty-005,line-p3-000220,p3,1264.7845205833796,1.5392235989565535,0.04791667,0.02,agent_first_user_only_if_unresolved
p3-uncertainty-005,line-p3-000221,p3,1269.383719440409,5.192555848790519,0.04791667,0.02,agent_first_user_only_if_unresolved
p3-uncertainty-005,line-p3-000222,p3,1273.9829182974388,12.124519604885748,0.08125,0.02,agent_first_user_only_if_unresolved
p3-uncertainty-005,line-p3-000223,p3,1278.5821171544683,16.246227784185606,0.06666667,0.02,agent_first_user_only_if_unresolved
p3-uncertainty-005,line-p3-000224,p3,1283.181316011498,19.337508918660504,0.04166667,0.02,agent_first_user_only_if_unresolved
p3-uncertainty-005,line-p3-000231,p3,1324.5741057247642,18.86913298919461,0.04166667,0.02,agent_first_user_only_if_unresolved
p3-uncertainty-005,line-p3-000232,p3,1329.1733045817937,18.30708187383553,0.04583333,0.02,agent_first_user_only_if_unresolved
p3-uncertainty-005,line-p3-000233,p3,1333.7725034388234,14.934775181681104,0.02083333,0.02,agent_first_user_only_if_unresolved
p3-uncertainty-005,line-p3-000234,p3,1338.3717022958529,13.716997765069777,0.03125,0.02,agent_first_user_only_if_unresolved
p3-uncertainty-005,line-p3-000235,p3,1342.9709011528826,13.998023322749319,0.05833333,0.02,agent_first_user_only_if_unresolved
p3-uncertainty-005,line-p3-000236,p3,1347.570100009912,18.681782617408246,0.05416667,0.02,agent_first_user_only_if_unresolved
p3-uncertainty-005,line-p3-000238,p3,1356.7684977239712,23.83391784153308,0.03958333,0.02,agent_first_user_only_if_unresolved
p3-uncertainty-005,line-p3-000248,p3,1411.9588840083263,21.773063751883143,0.06041667,0.02,agent_first_user_only_if_unresolved
p3-uncertainty-005,line-p3-000249,p3,1416.5580828653558,15.309475925253821,0.06458333,0.02,agent_first_user_only_if_unresolved
p3-uncertainty-005,line-p3-000250,p3,1421.1572817223855,15.02845036757428,0.05833333,0.02,agent_first_user_only_if_unresolved
p3-uncertainty-005,line-p3-000251,p3,1425.756480579415,18.119731502049177,0.08958333,0.02,agent_first_user_only_if_unresolved
p3-uncertainty-005,line-p3-000252,p3,1430.3556794364445,21.58571338009679,0.04583333,0.02,agent_first_user_only_if_unresolved
p3-uncertainty-005,line-p3-000256,p3,1453.3516737215925,23.927593027426255,0.0375,0.02,agent_first_user_only_if_unresolved
p3-uncertainty-005,line-p3-000257,p3,1457.950872578622,19.993235219912748,0.08541667,0.02,agent_first_user_only_if_unresolved
p3-uncertainty-005,line-p3-000258,p3,1462.5500714356517,16.808278899544675,0.09583333,0.02,agent_first_user_only_if_unresolved
p3-uncertainty-005,line-p3-000259,p3,1467.1492702926812,10.251015887022177,0.06875,0.02,agent_first_user_only_if_unresolved
p3-uncertainty-005,line-p3-000260,p3,1471.748469149711,9.688964771663095,0.05208333,0.02,agent_first_user_only_if_unresolved
p3-uncertainty-005,line-p3-000261,p3,1476.3476680067404,12.780245906137992,0.04375,0.02,agent_first_user_only_if_unresolved
p3-uncertainty-005,line-p3-000262,p3,1480.94686686377,15.590501482933348,0.03958333,0.02,agent_first_user_only_if_unresolved
p3-uncertainty-005,line-p3-000266,p3,1503.942861148918,14.747424809894738,0.05,0.02,agent_first_user_only_if_unresolved
p3-uncertainty-005,line-p3-000268,p3,1513.141258862977,14.091698508642494,0.02916667,0.02,agent_first_user_only_if_unresolved
p3-uncertainty-005,line-p3-000270,p3,1522.3396565770363,17.932381130262826,0.04166667,0.02,agent_first_user_only_if_unresolved
p3-uncertainty-005,line-p3-000271,p3,1526.9388554340658,18.30708187383553,0.04166667,0.02,agent_first_user_only_if_unresolved
p3-uncertainty-005,line-p3-000281,p3,1582.1292417184209,22.99084116849447,0.02916667,0.02,agent_first_user_only_if_unresolved
p3-uncertainty-005,line-p3-000283,p3,1591.32763943248,24.489644142785323,0.03958333,0.02,agent_first_user_only_if_unresolved
p3-uncertainty-005,line-p3-000284,p3,1595.9268382895095,27.29989971958068,0.02083333,0.02,agent_first_user_only_if_unresolved
p3-uncertainty-005,line-p3-000293,p3,1655.716423430894,31.327932712987362,0.05208333,0.02,agent_first_user_only_if_unresolved
p3-uncertainty-005,line-p3-000294,p3,1660.3156222879238,30.85955678352147,0.04375,0.02,agent_first_user_only_if_unresolved
p3-uncertainty-005,line-p3-000295,p3,1664.9148211449533,29.45442899512379,0.03958333,0.02,agent_first_user_only_if_unresolved
p3-uncertainty-005,line-p3-000296,p3,1669.5140200019828,25.70742155939665,0.04166667,0.02,agent_first_user_only_if_unresolved
p3-uncertainty-006,line-p3-000321,p3,1830.4859799980184,36.573743123005364,0.1875,0.02,agent_first_user_only_if_unresolved
p3-uncertainty-006,line-p3-000322,p3,1835.0851788550478,36.76109349479172,0.18333333,0.02,agent_first_user_only_if_unresolved
p3-uncertainty-006,line-p3-000323,p3,1839.6843777120773,33.76348754621001,0.13958333,0.02,agent_first_user_only_if_unresolved
p3-uncertainty-006,line-p3-000324,p3,1848.8827754261367,36.38639275121901,0.21041667,0.02,agent_first_user_only_if_unresolved
p3-uncertainty-006,line-p3-000325,p3,1853.4819742831662,38.35357165497576,0.2125,0.02,agent_first_user_only_if_unresolved
p3-uncertainty-006,line-p3-000326,p3,1858.0811731401957,35.168615334607686,0.25208333,0.02,agent_first_user_only_if_unresolved
p3-uncertainty-006,line-p3-000327,p3,1862.6803719972252,26.363147860648894,0.05833333,0.02,agent_first_user_only_if_unresolved
p3-uncertainty-007,line-p3-000368,p3,2092.6403148487043,13.904348136856143,0.03541667,0.02,agent_first_user_only_if_unresolved
p3-uncertainty-008,line-p3-000382,p3,2175.4258942752367,15.777851854719714,0.03333333,0.02,agent_first_user_only_if_unresolved
p3-uncertainty-008,line-p3-000384,p3,2184.6242919892966,14.372724066322036,0.03333333,0.02,agent_first_user_only_if_unresolved
p3-uncertainty-008,line-p3-000386,p3,2193.8226897033555,15.309475925253821,0.05416667,0.02,agent_first_user_only_if_unresolved
p3-uncertainty-008,line-p3-000397,p3,2244.4138771306807,25.239045629930757,0.02916667,0.02,agent_first_user_only_if_unresolved
p3-uncertainty-009,line-p3-000443,p3,2529.5642062665147,17.46400520079692,0.03125,0.02,agent_first_user_only_if_unresolved
p3-uncertainty-009,line-p3-000448,p3,2561.758598265722,14.279048880428846,0.02916667,0.02,agent_first_user_only_if_unresolved
p3-uncertainty-009,line-p3-000456,p3,2598.5521891219587,11.937169233099382,0.03958333,0.02,agent_first_user_only_if_unresolved
p3-uncertainty-009,line-p3-000457,p3,2603.151387978988,8.845888098624485,0.07291667,0.02,agent_first_user_only_if_unresolved
p3-uncertainty-009,line-p3-000458,p3,2607.7505868360176,5.8482821500427775,0.05208333,0.02,agent_first_user_only_if_unresolved
p3-uncertainty-010,line-p3-000476,p3,2704.3337628336394,11.656143675419855,0.0375,0.02,agent_first_user_only_if_unresolved
p3-uncertainty-010,line-p3-000485,p3,2759.524149117994,19.43118410455368,0.11666667,0.02,agent_first_user_only_if_unresolved
p3-uncertainty-010,line-p3-000486,p3,2764.1233479750235,26.26947267475572,0.15208333,0.02,agent_first_user_only_if_unresolved
p3-uncertainty-010,line-p3-000487,p3,2768.722546832053,26.175797488862543,0.09166667,0.02,agent_first_user_only_if_unresolved
p3-uncertainty-010,line-p3-000491,p3,2787.119342260172,16.433578155971958,0.05,0.02,agent_first_user_only_if_unresolved
p3-uncertainty-011,line-p3-000507,p3,2902.0993136859106,15.684176668826538,0.02083333,0.02,agent_first_user_only_if_unresolved
p3-uncertainty-011,line-p3-000508,p3,2906.698512542941,15.122125553467455,0.0375,0.02,agent_first_user_only_if_unresolved
p3-uncertainty-011,line-p3-000512,p3,2925.095307971059,5.4735814064700605,0.05833333,0.02,agent_first_user_only_if_unresolved
p3-uncertainty-011,line-p3-000515,p3,2938.8929045421473,1.726573970742919,0.03541667,0.02,agent_first_user_only_if_unresolved
p3-uncertainty-011,line-p3-000516,p3,2943.4921033991777,4.4431543616450995,0.05,0.02,agent_first_user_only_if_unresolved
p3-uncertainty-011,line-p3-000517,p3,2948.091302256207,7.721785867906348,0.05416667,0.02,agent_first_user_only_if_unresolved
p3-uncertainty-011,line-p3-000518,p3,2952.6905011132367,10.344691072915353,0.05416667,0.02,agent_first_user_only_if_unresolved
p4-uncertainty-001,line-p4-000001,p4,110.38560746895433,16.339902970078782,0.04024145,0.02,agent_first_user_only_if_unresolved
p4-uncertainty-001,line-p4-000002,p4,114.98480632598393,11.937169233099382,0.09054326,0.02,agent_first_user_only_if_unresolved
p4-uncertainty-001,line-p4-000003,p4,119.58400518301346,9.03323847041085,0.05633803,0.02,agent_first_user_only_if_unresolved
p4-uncertainty-001,line-p4-000004,p4,124.18320404004305,5.379906220576885,0.04225352,0.02,agent_first_user_only_if_unresolved
p4-uncertainty-001,line-p4-000005,p4,128.78240289707264,5.0988806628973435,0.03018109,0.02,agent_first_user_only_if_unresolved
p4-uncertainty-001,line-p4-000006,p4,133.38160175410223,6.31665807950867,0.05030181,0.02,agent_first_user_only_if_unresolved
p4-uncertainty-001,line-p4-000010,p4,151.77839718222054,6.129307707722305,0.04024145,0.02,agent_first_user_only_if_unresolved
p4-uncertainty-001,line-p4-000011,p4,156.37759603925014,3.3190521309269485,0.05231388,0.02,agent_first_user_only_if_unresolved
p4-uncertainty-001,line-p4-000012,p4,160.97679489627973,2.5696506437815287,0.03018109,0.02,agent_first_user_only_if_unresolved
p4-uncertainty-001,line-p4-000014,p4,170.1751926103389,7.815461053799524,0.05030181,0.02,agent_first_user_only_if_unresolved
p4-uncertainty-001,line-p4-000015,p4,174.77439146736845,9.407939213983568,0.05231388,0.02,agent_first_user_only_if_unresolved
p4-uncertainty-001,line-p4-000019,p4,193.1711868954868,11.749818861313031,0.04627767,0.02,agent_first_user_only_if_unresolved
p4-uncertainty-001,line-p4-000020,p4,197.7703857525164,8.471187355051782,0.04225352,0.02,agent_first_user_only_if_unresolved
p4-uncertainty-001,line-p4-000021,p4,202.369584609546,9.87631514344946,0.03822938,0.02,agent_first_user_only_if_unresolved
p4-uncertainty-001,line-p4-000022,p4,206.9687834665756,10.532041444701704,0.03822938,0.02,agent_first_user_only_if_unresolved
p4-uncertainty-001,line-p4-000028,p4,234.56397660875302,11.281442931847138,0.03822938,0.02,agent_first_user_only_if_unresolved
p4-uncertainty-001,line-p4-000032,p4,252.9607720368714,14.934775181681104,0.05432596,0.02,agent_first_user_only_if_unresolved
p4-uncertainty-001,line-p4-000036,p4,271.35756746498976,18.40075705972872,0.03018109,0.02,agent_first_user_only_if_unresolved
p4-uncertainty-001,line-p4-000039,p4,285.1551640360784,17.55768038669011,0.04024145,0.02,agent_first_user_only_if_unresolved
p4-uncertainty-001,line-p4-000042,p4,298.9527606071672,16.7146037136515,0.03420523,0.02,agent_first_user_only_if_unresolved
p4-uncertainty-001,line-p4-000044,p4,308.1511583212264,14.372724066322036,0.03219316,0.02,agent_first_user_only_if_unresolved
p4-uncertainty-002,line-p4-000058,p4,377.13914117667014,8.75221291273131,0.02012072,0.02,agent_first_user_only_if_unresolved
p4-uncertainty-002,line-p4-000059,p4,381.7383400336997,10.532041444701704,0.03420523,0.02,agent_first_user_only_if_unresolved
p4-uncertainty-003,line-p4-000075,p4,459.92472060320256,11.937169233099382,0.02012072,0.02,agent_first_user_only_if_unresolved
p4-uncertainty-003,line-p4-000076,p4,464.52391946023215,9.969990329342636,0.0804829,0.02,agent_first_user_only_if_unresolved
p4-uncertainty-003,line-p4-000077,p4,469.12311831726174,7.534435496119997,0.04426559,0.02,agent_first_user_only_if_unresolved
p4-uncertainty-003,line-p4-000078,p4,473.72231717429133,8.190161797372241,0.05231388,0.02,agent_first_user_only_if_unresolved
p4-uncertainty-003,line-p4-000079,p4,478.3215160313209,9.126913656304026,0.03822938,0.02,agent_first_user_only_if_unresolved
p4-uncertainty-003,line-p4-000082,p4,492.1191126024097,10.71939181648807,0.03018109,0.02,agent_first_user_only_if_unresolved
p4-uncertainty-003,line-p4-000086,p4,515.1151068875575,17.74503075847646,0.05231388,0.02,agent_first_user_only_if_unresolved
p4-uncertainty-003,line-p4-000087,p4,519.7143057445871,21.02366226473771,0.04225352,0.02,agent_first_user_only_if_unresolved
p4-uncertainty-003,line-p4-000088,p4,524.3135046016167,24.208618585105782,0.04225352,0.02,agent_first_user_only_if_unresolved
p4-uncertainty-003,line-p4-000089,p4,528.9127034586463,25.239045629930757,0.04426559,0.02,agent_first_user_only_if_unresolved
p4-uncertainty-004,line-p4-000101,p4,593.3014874570605,30.48485603994876,0.04225352,0.02,agent_first_user_only_if_unresolved
p4-uncertainty-004,line-p4-000102,p4,597.9006863140901,33.57613717442365,0.04225352,0.02,agent_first_user_only_if_unresolved
p4-uncertainty-004,line-p4-000108,p4,630.0950783132972,30.20383048226922,0.03018109,0.02,agent_first_user_only_if_unresolved
p4-uncertainty-004,line-p4-000114,p4,662.2894703125042,24.395968956892148,0.03822938,0.02,agent_first_user_only_if_unresolved
p4-uncertainty-004,line-p4-000116,p4,671.4878680265634,21.1173374506309,0.02615694,0.02,agent_first_user_only_if_unresolved
p4-uncertainty-004,line-p4-000118,p4,680.6862657406226,23.646567469746714,0.03420523,0.02,agent_first_user_only_if_unresolved
p4-uncertainty-004,line-p4-000122,p4,722.0790554538887,25.05169525814439,0.05030181,0.02,agent_first_user_only_if_unresolved
p4-uncertainty-004,line-p4-000123,p4,726.6782543109184,22.054089309562684,0.02012072,0.02,agent_first_user_only_if_unresolved
p4-uncertainty-005,line-p4-000140,p4,837.0590268796284,32.54571012959869,0.03018109,0.02,agent_first_user_only_if_unresolved
p4-uncertainty-005,line-p4-000142,p4,846.2574245936876,26.55049823243526,0.05432596,0.02,agent_first_user_only_if_unresolved
p4-uncertainty-005,line-p4-000143,p4,850.856623450717,23.927593027426255,0.05633803,0.02,agent_first_user_only_if_unresolved
p4-uncertainty-005,line-p4-000144,p4,855.4558223077468,21.773063751883143,0.04225352,0.02,agent_first_user_only_if_unresolved
p4-uncertainty-005,line-p4-000149,p4,883.0510154499243,19.056483360980963,0.04828974,0.02,agent_first_user_only_if_unresolved
p4-uncertainty-005,line-p4-000155,p4,910.6462085921016,31.327932712987362,0.25352113,0.02,agent_first_user_only_if_unresolved
p4-uncertainty-005,line-p4-000156,p4,915.2454074491313,43.505706879100586,0.33400402,0.02,agent_first_user_only_if_unresolved
p4-uncertainty-005,line-p4-000157,p4,919.8446063061608,46.97168875714819,0.19517103,0.02,agent_first_user_only_if_unresolved
p4-uncertainty-005,line-p4-000158,p4,924.4438051631905,42.94365576374152,0.27565392,0.02,agent_first_user_only_if_unresolved
p4-uncertainty-005,line-p4-000159,p4,929.04300402022,36.573743123005364,0.23541247,0.02,agent_first_user_only_if_unresolved
p4-uncertainty-005,line-p4-000160,p4,933.6422028772497,25.520071187610284,0.04627767,0.02,agent_first_user_only_if_unresolved
p4-uncertainty-005,line-p4-000168,p4,970.4357937334862,15.403151111146997,0.02615694,0.02,agent_first_user_only_if_unresolved
p4-uncertainty-005,line-p4-000177,p4,1011.8285834467526,11.375118117740314,0.04426559,0.02,agent_first_user_only_if_unresolved
p4-uncertainty-005,line-p4-000179,p4,1021.0269811608116,17.370330014903743,0.04225352,0.02,agent_first_user_only_if_unresolved
p4-uncertainty-005,line-p4-000180,p4,1025.6261800178413,18.30708187383553,0.02012072,0.02,agent_first_user_only_if_unresolved
p4-uncertainty-005,line-p4-000181,p4,1030.2253788748708,18.962808175087787,0.02615694,0.02,agent_first_user_only_if_unresolved
p4-uncertainty-006,line-p4-000193,p4,1085.4157651592259,15.215800739360645,0.04225352,0.02,agent_first_user_only_if_unresolved
p4-uncertainty-006,line-p4-000199,p4,1113.0109583014034,16.433578155971958,0.04024145,0.02,agent_first_user_only_if_unresolved
p4-uncertainty-006,line-p4-000200,p4,1117.610157158433,17.089304457224216,0.04627767,0.02,agent_first_user_only_if_unresolved
p4-uncertainty-007,line-p4-000214,p4,1195.7965377279359,21.960414123669494,0.04627767,0.02,agent_first_user_only_if_unresolved
p4-uncertainty-007,line-p4-000216,p4,1204.994935441995,16.246227784185606,0.03420523,0.02,agent_first_user_only_if_unresolved
p4-uncertainty-007,line-p4-000224,p4,1250.9869240122907,9.595289585769919,0.08450704,0.02,agent_first_user_only_if_unresolved
p4-uncertainty-007,line-p4-000225,p4,1255.5861228693204,5.379906220576885,0.09255533,0.02,agent_first_user_only_if_unresolved
p4-uncertainty-007,line-p4-000226,p4,1260.18532172635,3.506402502713314,0.04828974,0.02,agent_first_user_only_if_unresolved
p4-uncertainty-007,line-p4-000227,p4,1264.7845205833796,7.9091362396927,0.09657948,0.02,agent_first_user_only_if_unresolved
p4-uncertainty-007,line-p4-000228,p4,1269.383719440409,10.71939181648807,0.05633803,0.02,agent_first_user_only_if_unresolved
p4-uncertainty-007,line-p4-000231,p4,1283.181316011498,17.089304457224216,0.03420523,0.02,agent_first_user_only_if_unresolved
p4-uncertainty-007,line-p4-000235,p4,1301.5781114396164,21.773063751883143,0.03822938,0.02,agent_first_user_only_if_unresolved
p4-uncertainty-007,line-p4-000236,p4,1306.1773102966458,18.681782617408246,0.02012072,0.02,agent_first_user_only_if_unresolved
p4-uncertainty-007,line-p4-000237,p4,1310.7765091536753,18.77545780330142,0.0221328,0.02,agent_first_user_only_if_unresolved
p4-uncertainty-007,line-p4-000239,p4,1319.9749068677345,20.742636707058182,0.0362173,0.02,agent_first_user_only_if_unresolved
p4-uncertainty-007,line-p4-000243,p4,1338.3717022958529,20.46161114937864,0.04225352,0.02,agent_first_user_only_if_unresolved
p4-uncertainty-007,line-p4-000245,p4,1347.570100009912,17.089304457224216,0.02615694,0.02,agent_first_user_only_if_unresolved
p4-uncertainty-007,line-p4-000248,p4,1361.367696581001,15.590501482933348,0.04225352,0.02,agent_first_user_only_if_unresolved
p4-uncertainty-007,line-p4-000250,p4,1370.5660942950599,10.344691072915353,0.04225352,0.02,agent_first_user_only_if_unresolved
p4-uncertainty-007,line-p4-000251,p4,1375.1652931520896,9.688964771663095,0.04426559,0.02,agent_first_user_only_if_unresolved
p4-uncertainty-007,line-p4-000253,p4,1384.3636908661488,5.941957335935953,0.03219316,0.02,agent_first_user_only_if_unresolved
p4-uncertainty-007,line-p4-000256,p4,1398.1612874372374,8.00281142558589,0.04426559,0.02,agent_first_user_only_if_unresolved
p4-uncertainty-007,line-p4-000257,p4,1402.7604862942671,11.46879330363349,0.0945674,0.02,agent_first_user_only_if_unresolved
p4-uncertainty-007,line-p4-000258,p4,1407.3596851512966,15.122125553467455,0.08450704,0.02,agent_first_user_only_if_unresolved
p4-uncertainty-007,line-p4-000260,p4,1416.5580828653558,21.679388565989967,0.03018109,0.02,agent_first_user_only_if_unresolved
p4-uncertainty-007,line-p4-000261,p4,1421.1572817223855,22.428790053135387,0.02012072,0.02,agent_first_user_only_if_unresolved
p4-uncertainty-007,line-p4-000262,p4,1425.756480579415,23.271866726173997,0.04024145,0.02,agent_first_user_only_if_unresolved
p4-uncertainty-008,line-p4-000296,p4,1605.1252360035687,20.555286335271816,0.02414487,0.02,agent_first_user_only_if_unresolved
p4-uncertainty-008,line-p4-000307,p4,1655.716423430894,25.239045629930757,0.05633803,0.02,agent_first_user_only_if_unresolved
p4-uncertainty-008,line-p4-000308,p4,1660.3156222879238,26.363147860648894,0.03219316,0.02,agent_first_user_only_if_unresolved
p4-uncertainty-008,line-p4-000309,p4,1664.9148211449533,22.99084116849447,0.0804829,0.02,agent_first_user_only_if_unresolved
p4-uncertainty-008,line-p4-000310,p4,1669.5140200019828,21.4920381942036,0.04225352,0.02,agent_first_user_only_if_unresolved
p4-uncertainty-009,line-p4-000338,p4,1830.4859799980184,24.676994514571675,0.17706237,0.02,agent_first_user_only_if_unresolved
p4-uncertainty-009,line-p4-000339,p4,1835.0851788550478,24.5833193286785,0.18108652,0.02,agent_first_user_only_if_unresolved
p4-uncertainty-009,line-p4-000340,p4,1839.6843777120773,21.211012636524075,0.13480885,0.02,agent_first_user_only_if_unresolved
p4-uncertainty-009,line-p4-000342,p4,1848.8827754261367,19.712209662233207,0.19517103,0.02,agent_first_user_only_if_unresolved
p4-uncertainty-009,line-p4-000343,p4,1853.4819742831662,22.14776449545586,0.19315895,0.02,agent_first_user_only_if_unresolved
p4-uncertainty-009,line-p4-000344,p4,1858.0811731401957,18.681782617408246,0.24144869,0.02,agent_first_user_only_if_unresolved
p4-uncertainty-009,line-p4-000345,p4,1862.6803719972252,8.564862540944958,0.08450704,0.02,agent_first_user_only_if_unresolved
p4-uncertainty-009,line-p4-000353,p4,1899.473962853462,9.501614399876743,0.02012072,0.02,agent_first_user_only_if_unresolved
p4-uncertainty-009,line-p4-000354,p4,1904.0731617104914,11.375118117740314,0.05633803,0.02,agent_first_user_only_if_unresolved
p4-uncertainty-009,line-p4-000355,p4,1908.6723605675213,13.716997765069777,0.04426559,0.02,agent_first_user_only_if_unresolved
p4-uncertainty-009,line-p4-000360,p4,1945.465951423758,13.248621835603885,0.04024145,0.02,agent_first_user_only_if_unresolved
p4-uncertainty-009,line-p4-000361,p4,1950.0651502807875,13.154946649710709,0.02816901,0.02,agent_first_user_only_if_unresolved
p4-uncertainty-009,line-p4-000372,p4,2019.053133136231,9.126913656304026,0.04024145,0.02,agent_first_user_only_if_unresolved
p4-uncertainty-009,line-p4-000373,p4,2023.6523319932605,8.377512169158592,0.04828974,0.02,agent_first_user_only_if_unresolved
p4-uncertainty-010,line-p4-000388,p4,2106.4379114197936,3.131701759140597,0.04828974,0.02,agent_first_user_only_if_unresolved
p4-uncertainty-010,line-p4-000392,p4,2124.8347068479115,5.192555848790519,0.05633803,0.02,agent_first_user_only_if_unresolved
p4-uncertainty-010,line-p4-000399,p4,2161.6282977041483,13.904348136856143,0.02615694,0.02,agent_first_user_only_if_unresolved
p4-uncertainty-010,line-p4-000401,p4,2170.8266954182072,10.71939181648807,0.03822938,0.02,agent_first_user_only_if_unresolved
p4-uncertainty-010,line-p4-000402,p4,2175.4258942752367,8.939563284517675,0.02012072,0.02,agent_first_user_only_if_unresolved
p4-uncertainty-010,line-p4-000403,p4,2180.025093132266,8.283836983265417,0.03018109,0.02,agent_first_user_only_if_unresolved
p4-uncertainty-010,line-p4-000405,p4,2189.223490846326,6.2229828936154945,0.0362173,0.02,agent_first_user_only_if_unresolved
p4-uncertainty-010,line-p4-000406,p4,2193.8226897033555,10.438366258808529,0.09054326,0.02,agent_first_user_only_if_unresolved
p4-uncertainty-010,line-p4-000407,p4,2198.421888560385,13.623322579176602,0.05633803,0.02,agent_first_user_only_if_unresolved
p4-uncertainty-010,line-p4-000411,p4,2235.2154794166217,15.403151111146997,0.03420523,0.02,agent_first_user_only_if_unresolved
p4-uncertainty-010,line-p4-000416,p4,2267.409871415829,11.375118117740314,0.04024145,0.02,agent_first_user_only_if_unresolved
p4-uncertainty-010,line-p4-000418,p4,2276.608269129888,7.6281106820131725,0.0362173,0.02,agent_first_user_only_if_unresolved
p4-uncertainty-010,line-p4-000420,p4,2285.806666843947,3.881103246286017,0.0221328,0.02,agent_first_user_only_if_unresolved
p4-uncertainty-010,line-p4-000421,p4,2290.4058657009764,3.506402502713314,0.02012072,0.02,agent_first_user_only_if_unresolved
p4-uncertainty-010,line-p4-000422,p4,2295.005064558006,6.597683637188197,0.05030181,0.02,agent_first_user_only_if_unresolved
p4-uncertainty-010,line-p4-000423,p4,2299.6042634150353,8.564862540944958,0.04024145,0.02,agent_first_user_only_if_unresolved
p4-uncertainty-010,line-p4-000426,p4,2313.4018599861247,10.157340701128987,0.0583501,0.02,agent_first_user_only_if_unresolved
p4-uncertainty-010,line-p4-000427,p4,2318.001058843154,12.3118699766721,0.04225352,0.02,agent_first_user_only_if_unresolved
p4-uncertainty-011,line-p4-000440,p4,2391.5882405556276,15.496826297040172,0.05633803,0.02,agent_first_user_only_if_unresolved
p4-uncertainty-011,line-p4-000441,p4,2396.187439412657,12.218194790778924,0.07847082,0.02,agent_first_user_only_if_unresolved
p4-uncertainty-011,line-p4-000442,p4,2400.7866382696866,11.094092560060773,0.04426559,0.02,agent_first_user_only_if_unresolved
p4-uncertainty-011,line-p4-000443,p4,2405.385837126716,13.810672950962953,0.05633803,0.02,agent_first_user_only_if_unresolved
p4-uncertainty-011,line-p4-000444,p4,2409.9850359837455,16.433578155971958,0.05231388,0.02,agent_first_user_only_if_unresolved
p4-uncertainty-011,line-p4-000446,p4,2419.1834336978045,22.054089309562684,0.02414487,0.02,agent_first_user_only_if_unresolved
p4-uncertainty-012,line-p4-000467,p4,2543.361802837604,11.46879330363349,0.04024145,0.02,agent_first_user_only_if_unresolved
p4-uncertainty-013,line-p4-000487,p4,2662.9409731203723,9.688964771663095,0.05030181,0.02,agent_first_user_only_if_unresolved
p4-uncertainty-013,line-p4-000491,p4,2685.9369674055206,7.253409938440456,0.04024145,0.02,agent_first_user_only_if_unresolved
p4-uncertainty-013,line-p4-000502,p4,2745.7265525469056,15.122125553467455,0.02012072,0.02,agent_first_user_only_if_unresolved
p4-uncertainty-013,line-p4-000503,p4,2750.325751403935,15.309475925253821,0.02012072,0.02,agent_first_user_only_if_unresolved
p4-uncertainty-013,line-p4-000504,p4,2754.9249502609646,13.43597220739025,0.05633803,0.02,agent_first_user_only_if_unresolved
p4-uncertainty-013,line-p4-000505,p4,2759.524149117994,14.279048880428846,0.09657948,0.02,agent_first_user_only_if_unresolved
p4-uncertainty-013,line-p4-000506,p4,2764.1233479750235,18.86913298919461,0.15090543,0.02,agent_first_user_only_if_unresolved
p4-uncertainty-013,line-p4-000507,p4,2768.722546832053,20.46161114937864,0.09657948,0.02,agent_first_user_only_if_unresolved
p4-uncertainty-013,line-p4-000510,p4,2787.119342260172,12.030844418992558,0.02816901,0.02,agent_first_user_only_if_unresolved
